U0001,g[,1,ʏ,20201117,S1-FPA3-U,eo`|RA_[ (18g),20092904H,5,5
U0001,g[,1,ʏ,20201117,S15-ST32G-D016,rs|RQFc|OPU (15KG),20111250T,3,3
U0003,Z,1,ʏ,20201117,S6-SV3800LHR-U,ru|RWOOkgqA_[(1KG),20102252T,6,90
U0007,PCq,1,ʏ,20201117,S7-STM30T1-M-R-EX-PH,rsl|RO|sP@(UN/15KG),20110501H,2,2
U0007,PCq,1,ʏ,20201117,S4-URPA-U-R-EX,Ebgo `t (UN/15KG),20110201H,3,3
U0007,PCq,1,ʏ,20201117,S4-URPB-U-R-EX,Ebgo at (UN/15KG),20110604H,1,1
U0007,PCq,1,ʏ,20201117,S5-RT240R-T-R-EX,qs|QSOq (UN/14KG),20110952T,70,70
U0007,PCq,1,ʏ,20201117,S7-STM30T1-CL-R-EX,rsl|RO-sPN[ (UN/15KG),20110602H,13,13
U0007,PCq,1,ʏ,20201117,S7-STM30T1-MT-EX,rsl-RO-sP ^ (UN/25KG),20110505H,1,1
U0007,PCq,1,ʏ,20201117,S4-K560A-U-R-EX,j|TUO` (UN/15KG),20102313H12,2,2
U0007,PCq,1,ʏ,20201117,S4-K560B-U-R-EX,j|TUO a (UN/15KG),20110605H,1,1
U0007,PCq,1,ʏ,20201117,S3-STR120-U-R-EX,rsq|PQO (UN/15KG),20110601H,21,21
U0007,PCq,1,ʏ,20201117,S4-SU100HA2-U-R-EX,rt|POOgmu `Qt (UN/15KG),20110352T,30,30
U0007,PCq,1,ʏ,20201117,S4-SU100HB-U-R-EX,rt|POOgmu at (UN/15KG),20111003H,15,15
U0007,PCq,1,ʏ,20201117,S9-U330-TH-R-EX-VES,t|RROVi[ (UN/14KG),20111004H,6,6
U0007,PCq,1,ʏ,20201117,S7-STM40T1-CL-R-EX,rsl|SO|sPN[ (UN/15KG),20110603H,4,4
U0007,PCq,1,ʏ,20201117,S5-RT320-T-R-EX,qs|RQO (UN/14KG),20111051T,23,23
U0009,V^A,1,ʏ,20201117,S3-FG3000-1-U,ef|ROOOA_[ (15KG),20101451T,10,10
U0009,V^A,1,ʏ,20201117,S5-RT45-T,qs|ST gbv (14KG),20101951T,10,10
U0009,V^A,1,ʏ,20201117,S9-U100-1-TH,t|POO Vi[ (15KG),20100709H,5,5
U0009,V^A,1,ʏ,20201117,S1-K164N-U,j|PUSmoA_[(15KG),20110303H,1,1
U0009,V^A,1,ʏ,20201117,S3-BP50-U,ao|TOA_[ (15KG),20102752T,2,2
