"i","i","q","bgNo","݌ɐʁi݁j","݌ɐʁiOj","ɐʁij","oɐʁij","݌ɐʁij","ŐVɓ","󒍎cv"
"G-0.5L-NAIMEN","ODTgʃ[","q","","213.00","213.00","","","213.00","2018/11/02",""
"G-0.5L-NAIMEN","ODTgʃ[","yCq","","148.00","162.00","","14.00","148.00","2020/12/01",""
"G-0.5L-RYL","ODTg[p","q","","902.00","902.00","","","902.00","2020/12/10",""
"G-0.5L-RYL","ODTg[p","yCq","","155.00","85.00","","38.00","47.00","2021/02/15",""
"G-0215M-TY","0215M-TY","q","05108","98.40","98.40","","","98.40","2020/11/12",""
"G-0215M-TY","0215M-TY","q","98109","64.19","83.30","","","83.30","2020/11/12",""
"G-0670TSAL","OUVOsr","q","G0206","0.40","3.50","","3.10","0.40","2020/04/24",""
"G-0670TSAL","OUVOsr","q","G0302","25.00","25.00","","","25.00","2020/11/26",""
"G-0670TSAL","OUVOsr","q","G0303","22.30","147.30","","125.00","22.30","2020/09/17",""
"G-0670TSAL","OUVOsr","q","G0304","125.00","200.00","","50.00","150.00","2020/09/17",""
"G-0670TSAL","OUVOsr","q","G0403","175.00","175.00","","","175.00","2020/09/17",""
"G-0670TSAL","OUVOsr","q","G0404","200.00","200.00","","","200.00","2020/09/18",""
"G-0670TSAL","OUVOsr","q","G0405","200.00","200.00","","","200.00","2020/09/18",""
"G-0670TSAL","OUVOsr","q","G0506","75.00","75.00","","","75.00","2020/09/18",""
"G-1050-75X","POTO|VTw","q","D9924109","2.00","26.50","","24.50","2.00","2019/09/18",""
"G-120TY","r`oPQO|sx","q","31003","0.30","0.30","","","0.30","2012/03/01",""
"G-120TY","r`oPQO|sx","q","32A25","0.70","0.70","","","0.70","2014/03/26",""
"G-1304C","eX|[PROSb","q","C0411","39.60","","","","","2021/02/05",""
"G-1304CSOL","PROSb ","q","9911751","54.48","242.00","116.00","142.00","216.00","2021/01/21",""
"G-1304LN","eX|[ PROSkm",""," ","","","","","","","100.00"
"G-1304LN-SOL","1304LN SOL","q","0Z25751","724.00","","","","","2021/02/03",""
"G-1341","ALfBAPRSP","q","D0128912","82.60","124.00","","26.04","97.96","2020/04/22",""
"G-14ML","PSlk","q","003221","2.70","","45.00","42.30","2.70","2021/01/12",""
"G-1500","rv|PTOO","q","","233.37","422.00","","138.00","284.00","2020/12/10",""
"G-1500","rv|PTOO","yCq","","5,022.56","6,248.00","","848.00","5,400.00","2020/12/01",""
"G-1500-3","g`PTOO|R","q","K38083","177.00","301.00","","124.00","177.00","2020/12/16",""
"G-1500-3","g`PTOO|R","yCq","K38083","377.00","493.00","","116.00","377.00","2020/12/24",""
"G-1505","g`PTOT","q","D38654","180.00","180.00","","","180.00","2020/08/17",""
"G-1505","g`PTOT","yCq","B38005","1,927.40","","","","","2021/02/09",""
"G-1505","g`PTOT","yCq","L38666","177.00","1,789.00","1,260.00","2,744.00","305.00","2021/01/13",""
"G-16-141","PU|PSP","q","D0230014","127.00","192.00","","65.00","127.00","2020/12/22",""
"G-16-141","PU|PSP","yCq","D0230014","47.50","1,646.00","","1,048.00","598.00","2020/12/01",""
"G-16-141","PU|PSP","yCq","D0N37503","2,900.20","720.00","1,440.00","","2,160.00","2021/02/03",""
"G-17-806","PV|WOU","q","D0D38350","184.00","","200.00","16.00","184.00","2021/01/14",""
"G-1800","rv|PWOO","q","","107.00","124.00","","17.00","107.00","2019/10/08",""
"G-18L-AT","PWggsAg","q","","21.00","34.00","","13.00","21.00","2020/02/18",""
"G-18L-AT","PWggsAg","yCq","","493.00","372.00","600.00","599.00","373.00","2021/02/10",""
"G-18L-HV","PWgnCubg","q","","33.00","46.00","","13.00","33.00","2020/07/28",""
"G-18L-HV","PWgnCubg","yCq","","40.00","45.00","60.00","60.00","45.00","2021/01/05",""
"G-18L-N-RYL","PWgOjXʃ[","q","","65.00","65.00","","","65.00","2020/11/25",""
"G-18L-N-RYL","PWgOjXʃ[","yCq","","472.00","307.00","","159.00","148.00","2021/02/10",""
"G-18L-RYL","PWgOjX[","q","","398.00","438.00","360.00","639.00","159.00","2021/02/12",""
"G-18L-RYL","PWgOjX[","yCq","","471.00","454.00","720.00","801.00","373.00","2021/02/10",""
"G-1L-HV","PgnCubg","yCq","","15.00","5.00","","-10.00","15.00","2017/12/21",""
"G-1L-N-RYL","Pgʃ[","yCq","","6.00","9.00","","3.00","6.00","2020/11/02",""
"G-1L-RYL","Pg[","q","","470.00","476.00","","6.00","470.00","2020/09/16",""
"G-1L-RYL","Pg[","yCq","","4.00","5.00","","1.00","4.00","2020/12/14",""
"G-2356","ghfg@ek`sQRTU","q","20112030U","25.48","","75.00","","75.00","2021/01/12",""
"G-2356","ghfg@ek`sQRTU","q","21011543U","45.00","","","","","2021/02/09",""
"G-2468","g`QSUW","yCq","C38933","137.00","143.00","","6.00","137.00","2019/03/13",""
"G-2E-AQ","2-ٱ׷","q","1907005","4,890.00","","10,000.00","5,110.00","4,890.00","2021/01/05",""
"G-2E-AQ","2-ٱ׷","yCq","1907005","61,045.57","134,100.00","","66,000.00","68,100.00","2020/04/27",""
"G-2E-AQ","2-ٱ׷","yCq","2003001","80,000.00","80,000.00","","","80,000.00","2020/04/27",""
"G-2E-AQ-TKTT","2-ٱ׷(TKTT)","yCq","2102001","400.00","","","","","2021/02/15",""
"G-2L-RYL","Qg[p","q","","16.00","17.00","","1.00","16.00","2019/09/06",""
"G-4120TY","r`oSPQO|sx","q","03A01","-0.50","189.00","","186.00","3.00","2020/11/12",""
"G-4120TY","r`oSPQO|sx","q","04A02","194.92","100.00","175.00","","275.00","2021/01/21",""
"G-4120TY","r`oSPQO|sx","q","050A1","125.00","","125.00","","125.00","2021/01/21",""
"G-4120TY","r`oSPQO|sx","q","65A20","14.50","14.50","","","14.50","2016/07/07",""
"G-444-50","esSSS|TO","q","A36653","32.00","","32.00","","32.00","2021/01/22",""
"G-444-50","esSSS|TO","q","J36631","10.29","24.40","","14.11","10.29","2020/10/15",""
"G-45-163","ST|PUR","yCq","C109","83.00","83.00","","","83.00","2017/10/30",""
"G-45-163","ST|PUR","yCq","C110","200.00","200.00","","","200.00","2017/10/30",""
"G-47-151","SV|PTP","yCq","L0023323","19.00","182.00","","163.00","19.00","2020/11/02",""
"G-47-151","SV|PTP","yCq","L0N23908","190.00","","190.00","","190.00","2021/01/27",""
"G-47-508-60","SV|TOW|UO","q","D0229637","14.00","14.00","","","14.00","2020/10/19",""
"G-4L-HV","SgnCubh","yCq","","44.00","36.00","20.00","12.00","44.00","2021/01/05",""
"G-4L-MAR","Sg","q","","11.00","12.00","","1.00","11.00","2019/09/06",""
"G-4L-RYL","Sg[","yCq","","65.00","36.00","30.00","46.00","20.00","2021/02/15",""
"G-4L-UN-RYL","Sgtm[p","q","","11.00","15.00","","","15.00","2019/07/19",""
"G-4L-UN-RYL","Sgtm[p","yCq","","7.00","7.00","","","7.00","2020/08/03",""
"G-5302X-50","׷5302X-50","q","A01001","67.00","67.00","","","67.00","2020/03/04",""
"G-5-731","T|VRP","q","D9722701","105.30","39.00","190.00","113.00","116.00","2021/01/14",""
"G-57-451","TV|STP","yCq","D0129208","77.35","85.40","","6.85","78.55","2020/12/10",""
"G-5L-70RYL","TgVO[p","q","","226.00","270.00","","40.00","230.00","2020/10/02",""
"G-5L-N-RYL","Tgʃ[p","q","","48.00","49.00","","1.00","48.00","2019/09/25",""
"G-5L-N-RYL","Tgʃ[p","yCq","","38.00","39.00","","1.00","38.00","2020/09/07",""
"G-5L-RYL","Tg[p","q","","90.00","105.00","20.00","27.00","98.00","2021/01/18",""
"G-5L-RYL","Tg[p","yCq","","56.00","25.00","50.00","3.00","72.00","2021/01/21",""
"G-79-KAMA","w|VX","q","0Y04221","305.24","759.00","720.00","834.00","645.00","2021/01/21",""
"G-803-70","esWOR|VO","yCq","M36396","1,446.00","","2,160.00","714.00","1,446.00","2021/01/28",""
"G-926-70","esXQU|VO","q","L36462","27.79","32.00","","","32.00","2021/02/03",""
"G-97-0078AL","XV|OOVW","q","5X106","11.20","11.20","","","11.20","2015/11/18",""
"G-A-141","`|PSP","q","L0721627","85.88","277.00","180.00","223.00","234.00","2021/01/15",""
"G-A-141","`|PSP","q","L1124774","180.00","","","","","2021/02/09",""
"G-A-141","`|PSP","yCq","L0118550","17.00","45.00","","28.00","17.00","2020/02/04",""
"G-A-141","`|PSP","yCq","L0721627","5.00","5.00","","","5.00","2020/11/25",""
"G-A-141","`|PSP","yCq","L1124774","180.00","","180.00","","180.00","2021/01/19",""
"G-A-815-45","`|WPT|ST","q","S204","36.70","36.70","","","36.70","2020/11/05",""
"G-AAS","``rmnP","q","0313291","7.97","202.00","","71.00","131.00","2020/10/07",""
"G-AC-3001A","`b|ROOP`","q","908538","105.00","105.00","","","105.00","2020/03/05",""
"G-AC-3001A","`b|ROOP`","yCq","008538","146.48","108.00","","","108.00","2021/02/03",""
"G-AC-3011","`b|ROPP","q","908540","43.00","43.00","","","43.00","2019/09/19",""
"G-AC-3011","`b|ROPP","yCq","011551","655.00","622.00","","327.00","295.00","2021/02/02",""
"G-AC-3011A","`b|ROPP`","q","907536","18.00","18.00","","","18.00","2019/09/19",""
"G-AC-3011A","`b|ROPP`","yCq","005525","1,313.07","805.00","720.00","922.00","603.00","2021/02/12",""
"G-AC-3011A","`b|ROPP`","yCq","101504","540.00","","","","","2021/02/12",""
"G-AGISYN-530","`r|TRO","yCq","X04CC0227","3,436.30","3,439.00","","4.77","3,434.23","2014/09/02",""
"G-ANON","Am","q","","115.42","302.00","","106.00","196.00","2020/12/15",""
"G-ANON","Am","yCq","K21A4","190.00","","","","","2021/02/09",""
"G-ANON","Am","yCq","X20A8","17.10","190.00","","75.00","115.00","2020/12/09",""
"G-AT-UN-PL","QQla|Wb|TO","q","","57.00","59.00","","","59.00","2020/01/14",""
"G-B-570H","a|TVOg","q","C250","18.70","18.70","","","18.70","2020/12/08",""
"G-BCELL","u`Z","q","","140.56","299.00","180.00","291.00","188.00","2021/01/21",""
"G-BCELL","u`Z","yCq","211051","58.17","717.00","","638.00","79.00","2020/12/08",""
"G-BCELL","u`Z","yCq","212231","720.00","","","","","2021/02/02",""
"G-BIS-190","rXR[gPXO","q","17950003","8.30","","17.00","8.70","8.30","2021/01/12",""
"G-BIS-190","rXR[gPXO","yCq","07954002","2.90","11.01","","8.11","2.90","2020/10/01",""
"G-BIS-190","rXR[gPXO","yCq","17950003","17.00","","17.00","","17.00","2021/01/07",""
"G-BL-616","ak|UPU","q","L0520726","95.00","140.00","","45.00","95.00","2020/08/03",""
"G-BL-616","ak|UPU","q","L0D24193","190.00","","","","","2021/02/04",""
"G-BL-616","ak|UPU","yCq","L0D24193","128.00","180.50","190.00","242.50","128.00","2021/01/12",""
"G-BLK-3804Z","u`qhnrnk@ak`bjRWOSy","yCq","FA02547","400.00","400.00","","","400.00","2017/08/10",""
"G-BLK-3804Z","u`qhnrnk@ak`bjRWOSy","yCq","LA05790","30,000.00","30,000.00","","","30,000.00","2019/04/08",""
"G-BLK-3820Z","u`khnrnk@ak`bjRWQOy","yCq","MA07921","1,900.00","6,450.00","","4,550.00","1,900.00","2020/08/20",""
"G-BLK-3820Z","u`khnrnk@ak`bjRWQOy","yCq","NA01335","15,000.00","15,000.00","","","15,000.00","2020/12/10",""
"G-BLU-2680","VALI-FAST BLUE 2680","yCq","NA01013","1,639.00","5,000.00","","","5,000.00","2020/10/05",""
"G-BP","x]tFm","q","U0357","400.00","400.00","","","400.00","2017/06/12",""
"G-BZO","ayn","q","200310","8,371.35","12,500.00","","4,128.65","8,371.35","2020/10/08",""
"G-BZO","ayn","yCq","200310","23,935.32","26,440.00","25,000.00","25,020.00","26,420.00","2021/01/07",""
"G-CF110","bdq`e`j@PPO","q","0002053151","13.80","13.80","","","13.80","2020/05/21",""
"G-CO-NA-6P","itel[gbn|Uo","q","11652","2,000.00","2,000.00","","","2,000.00","2016/07/13",""
"G-CZ9102RED-3","mro|byXPOQqdciRjfj","yCq","15991","2.26","2.36","","0.10","2.26","2020/07/02",""
"G-CZ9664BLU-3","mro|byXUUSaktdiRjfj","yCq","15992","0.61","0.72","","0.11","0.61","2020/07/02",""
"G-D-120-50","c|PQO|TO","q","D0D37202","275.94","251.00","180.00","128.00","303.00","2021/02/05",""
"G-D-310","j`x`q`cn@c|RPO","q","201001","49.30","49.30","","","49.30","2012/10/05",""
"G-D-750","c|VTO","q","D0001004","17.82","60.00","200.00","57.20","202.80","2021/01/13",""
"G-D-750","c|VTO","q","D0N01005","200.00","","","","","2021/02/04",""
"G-D-800","c|WOO","q","D0935116","36.50","7.70","54.00","","61.70","2021/01/07",""
"G-DAA","c``","q","","46.00","121.00","","75.00","46.00","2020/09/14",""
"G-DAA","c``","yCq","208193","1.00","49.00","","27.00","22.00","2020/09/01",""
"G-DAA","c``","yCq","301193","147.50","","","","","2021/02/03",""
"G-DDSA","JVbhccr`","q","5104","435.72","210.00","200.00","31.00","379.00","2021/02/12",""
"G-DETX-S","cdsw|r","q","101001","10,000.00","","","","","2021/02/02",""
"G-DETX-S","cdsw|r","q","804009","800.00","1,800.00","","1,000.00","800.00","2018/05/21",""
"G-DIBK","WC\u`Pg","q","","1,509.50","1,797.00","1,980.00","2,127.00","1,650.00","2021/02/10",""
"G-DIBK","WC\u`Pg","yCq","","4,543.93","9,488.00","","3,488.00","6,000.00","2020/12/17",""
"G-DI-PN","Wu`INe\","q","15052111","760.00","760.00","","","760.00","2015/06/15",""
"G-DIS1711","fBXpPVPP","q","110033","1,000.00","1,000.00","","","1,000.00","2011/02/15",""
"G-DIS503","fBXpTOR","q","0A0509","13,992.81","16,000.00","","255.60","15,744.40","2020/12/02",""
"G-DIS503","fBXpTOR","yCq","0C0530","16,000.00","","","","","2021/02/15",""
"G-DIS503","fBXpTOR","yCq","8A0573","3,600.00","4,860.00","","1,260.00","3,600.00","2019/01/11",""
"G-DL-967","ck|XUV","q","D9420056","155.00","155.00","","","155.00","2019/07/10",""
"G-DMBI-IDA","clahibtqd hc`j","yCq","I181018","29.64","29.64","","","29.64","2018/12/20",""
"G-DMP001","cloOOPmPm","q","","348.00","348.00","","","348.00","2020/09/25",""
"G-DMP001","cloOOPmPm","yCq","","70.00","30.00","50.00","10.00","70.00","2021/01/18",""
"G-DMP005","cloOOTmPm","q","","296.00","296.00","","","296.00","2020/09/25",""
"G-DMP005","cloOOTmPm","yCq","","52.00","63.00","","11.00","52.00","2019/08/23",""
"G-DN-980","ްɯ DN-980","q","D0D38207","15.10","","18.00","2.90","15.10","2021/01/13",""
"G-DPCA-120","j`x`q`cn@cob`|PQO","q","001002","5.00","5.00","","","5.00","2020/06/29",""
"G-DPCA-120","j`x`q`cn@cob`|PQO","q","008006","18.00","18.00","","","18.00","2020/10/12",""
"G-DX-530-SOL","cw|TRO|rnk","yCq","0508751","622.00","486.00","720.00","406.00","800.00","2021/01/05",""
"G-EB-SOL","da\xg","q","","503.00","908.00","","205.00","703.00","2020/12/08",""
"G-EB-SOL","da\xg","yCq","21011511","85.00","","720.00","235.00","485.00","2021/01/18",""
"G-EB-SOL","da\xg","yCq","2102101","720.00","","","","","2021/02/15",""
"G-EC-6071","ETERCURE 6071","Zpۑq","903007","20.00","20.00","","","20.00","2019/05/17",""
"G-ECA","Z\uAZe[g","q","200703M038437","142.00","","200.00","58.00","142.00","2021/01/15",""
"G-ECA","Z\uAZe[g","yCq","","8.80","9.42","","0.62","8.80","2019/01/09",""
"G-ECA","Z\uAZe[g","yCq","200321M038110","15.00","15.00","","","15.00","2020/12/07",""
"G-ECH","XN[dbg","q","","21.12","9.50","","","9.50","2021/02/09",""
"G-ECH","XN[dbg","yCq","0B0K201P","0.52","28.00","","14.60","13.40","2020/12/17",""
"G-ECH","XN[dbg","yCq","0B0K601P","12.38","","","","","2021/02/03",""
"G-EL-4501-50","dk|STOP|TO","q","D0N37646","172.00","","180.00","8.00","172.00","2021/01/14",""
"G-EL-4501-50","dk|STOP|TO","yCq","D0N37646","1,686.80","720.00","5,040.00","2,722.00","3,038.00","2021/01/20",""
"G-EM265","ETERMER 265","yCq","U007034","677.00","800.00","","123.00","677.00","2020/12/22",""
"G-ETB","dsa","yCq","20813D4N","180.00","346.00","","166.00","180.00","2020/12/07",""
"G-ETB","dsa","yCq","20C08D4N","303.00","","720.00","417.00","303.00","2021/01/14",""
"G-FA-341","e`|RSP","q","20090127U","0.80","2.00","","1.20","0.80","2020/11/05",""
"G-FA-341","e`|RSP","q","20111326C","3.64","","30.00","","30.00","2021/01/29",""
"G-FA-341","e`|RSP","q","20121626C","105.00","","150.00","","150.00","2021/01/29",""
"G-FA-341","e`|RSP","yCq","20100128C","4.93","8.84","","1.00","7.84","2020/12/04",""
"G-FA-341","e`|RSP","yCq","20111118U","0.04","15.00","","","15.00","2020/12/21",""
"G-FA-341","e`|RSP","yCq","20111327U","45.05","60.00","","","60.00","2020/12/21",""
"G-FPA-KAMA","FPAオ","q","0512291","4.00","4.00","","","4.00","2020/09/04",""
"G-G-3000","f|ROOO","q","CGL-485","188.00","232.00","","44.00","188.00","2020/12/08",""
"G-G-3000","f|ROOO","yCq","CGL-485","61.00","160.00","","99.00","61.00","2020/12/01",""
"G-G78-F8","fVW|eW","q","","301.00","301.00","","","301.00","2019/12/06",""
"G-GE-650","fd|UTO","{Бq","BG2106HB","20.00","20.00","","","20.00","2013/06/05",""
"G-GM66G0H","flUUfOgicog`j","q","G20519011","179.00","179.00","","","179.00","2020/08/06",""
"G-GM66G0H","flUUfOgicog`j","yCq","G20719014","68.22","1,429.00","","1,127.00","302.00","2020/12/24",""
"G-GQ-1000","fp|POOO","q","CAA-121","680.00","","","","","2021/02/03",""
"G-GQ-1000","fp|POOO","q","COL-041","308.47","680.00","","65.00","615.00","2020/12/16",""
"G-GQ-1000","fp|POOO","yCq","COL-021","110.00","170.00","","60.00","110.00","2020/12/10",""
"G-GQ-1000","fp|POOO","yCq","COL-041","510.00","170.00","","","170.00","2021/02/04",""
"G-GS-30","Afr|RO","q","9501","190.00","190.00","","","190.00","2020/03/02",""
"G-GS-30","Afr|RO","yCq","9501","11,439.53","16,630.00","","3,630.00","13,000.00","2020/12/17",""
"G-HA-CO","wL\G[gRog W","q","00910","15,392.64","48,000.00","","15,300.00","32,700.00","2020/12/02",""
"G-HA-CO","wL\G[gRog W","q","01207","48,000.00","","","","","2021/02/04",""
"G-HA-CO","wL\G[gRog W","yCq","60417","5,900.00","6,020.00","","120.00","5,900.00","2016/05/27",""
"G-HAWS","nC][","q","","13.01","16.00","","","16.00","2020/08/04",""
"G-IBOA-B","han`|a","yCq","0011001","33.94","35.06","","-3,299.88","3,334.94","2020/12/01",""
"G-IBOA-B","han`|a","yCq","0022001","16.00","16.00","","","16.00","2020/12/04",""
"G-I-BOH","C\u^m\","q","","147.80","195.00","","22.00","173.00","2020/12/04",""
"G-I-BOH","C\u^m\","yCq","20Y24-3503","157.00","425.00","","246.00","179.00","2020/12/10",""
"G-I-BOH","C\u^m\","yCq","21112-3503","395.30","","640.00","","640.00","2021/01/19",""
"G-IPA","ho`","q","","18.90","22.00","","3.10","18.90","2020/09/16",""
"G-IP-LX","hoN[kw","q","","170.00","170.00","","","170.00","2019/12/17",""
"G-IP-LX","hoN[kw","yCq","E0122311","106.04","","151.00","1.00","150.00","2021/01/25",""
"G-IP-SOL","IP1016","q","","153.00","153.00","","","153.00","2020/10/02",""
"G-IP-SOL","IP1016","yCq","B0071605","142.00","142.00","","","142.00","2020/11/16",""
"G-IP-SOL","IP1016","yCq","B0073005","140.00","284.00","","64.00","220.00","2020/12/02",""
"G-IP-SOL","IP1016","yCq","B0081305","284.00","363.00","","79.00","284.00","2020/12/14",""
"G-IP-SOL","IP1016","yCq","B0121705","271.00","","2,294.40","22.40","2,272.00","2021/01/20",""
"G-IP-SOL","IP1016","yCq","B1010705","1,317.88","","","","","2021/02/08",""
"G-IPSOL-100","Cv][POO","q","","527.77","460.00","","255.00","205.00","2021/02/12",""
"G-IPSOL-100","Cv][POO","yCq","E0092508","143.00","141.00","","-2.00","143.00","2020/11/17",""
"G-ISOHORON","C\z","q","","782.42","483.00","1,520.00","1,046.00","957.00","2021/01/18",""
"G-ISOHORON","C\z","yCq","1300061701","190.00","190.00","","","190.00","2020/12/02",""
"G-ISOHORON","C\z","yCq","1300082601","186.00","15.00","1,140.00","887.00","268.00","2021/01/06",""
"G-ISOHORON","C\z","yCq","1300101401","452.80","","760.00","","760.00","2021/01/21",""
"G-J-287-60","i|QWV|UO","q","D9823506","9.10","9.10","","","9.10","2020/12/07",""
"G-J-524-A","i|TQS|`","q","D0633247","34.70","13.00","36.00","14.30","34.70","2021/01/22",""
"G-JP-100","io|POO","q","CIJ-001","499.83","739.00","720.00","595.00","864.00","2021/01/18",""
"G-JP-100","io|POO","q","CIJ-002","720.00","","","","","2021/02/08",""
"G-JP-100","io|POO","yCq","CIJ-001","3.00","380.50","180.00","425.50","135.00","2021/01/26",""
"G-JP-100","io|POO","yCq","CIJ-002","582.02","","720.00","","720.00","2021/02/01",""
"G-JR-BDK","iqb acj","yCq","191223","34,236.34","117,220.00","","68,700.00","48,520.00","2021/02/01",""
"G-JR-BDK-TKTT","iqb@acjqsjssr","yCq","180134","20,000.00","20,000.00","","","20,000.00","2018/07/09",""
"G-JR-BDK-TKTT","iqb@acjqsjssr","yCq","20180134","-20,000.00","-20,000.00","","","-20,000.00","2019/07/26",""
"G-JR-DETX","JR CURE DETX","yCq","20200310","79,769.35","76,320.00","","64,000.00","12,320.00","2021/02/08",""
"G-KA150TY","j`PTO|sx","q","62A05","15.00","15.20","","0.20","15.00","2016/07/07",""
"G-KA150TY","j`PTO|sx","q","9YA02","54.26","105.80","","45.10","60.70","2020/09/10",""
"G-KA150TY","j`PTO|sx","q","9YA07","225.00","125.00","100.00","","225.00","2021/01/21",""
"G-KA150TY","j`PTO|sx","q","9ZQ05","50.00","","50.00","","50.00","2021/01/21",""
"G-KBM-403","jal|SOR","q","007092","400.00","3,600.00","","3,200.00","400.00","2020/08/20",""
"G-KBM-403","jal|SOR","q","009119","16,000.00","16,000.00","","","16,000.00","2020/10/07",""
"G-KBM-403","jal|SOR","yCq","011149","930.00","1,370.00","","-930.00","2,300.00","2020/12/01",""
"G-KBM-403","jal|SOR","yCq","011155","-40.00","96,000.00","","80,180.00","15,820.00","2020/12/07",""
"G-KBM-403","jal|SOR","yCq","012164","10,580.00","","64,000.00","","64,000.00","2021/01/18",""
"G-KBM-403","jal|SOR","yCq","101175","80,000.00","","","","","2021/02/04",""
"G-KBM-603","jal|UOR","q","505723","540.00","540.00","","","540.00","2015/06/24",""
"G-KIRIYU","˖","q","20181113","98.00","113.00","","","113.00","2019/01/29",""
"G-KL-406","jk|SOU","yCq","9032591","850.00","857.00","","7.00","850.00","00000000",""
"G-KOH","XCTJJE","q","90522213","2.13","9.00","","6.87","2.13","2020/05/26",""
"G-KOH","XCTJJE","q","91122218","25.00","","25.00","","25.00","2021/01/21",""
"G-KR-311","jq|RPP","q","003470","6.30","6.30","","","6.30","2020/04/01",""
"G-KR-5234","jq|TQRS","yCq","010152","601.00","800.00","","559.00","241.00","2021/02/04",""
"G-KR-5234","jq|TQRS","yCq","101153","371.50","","","","","2021/02/10",""
"G-L-1092-1","A}ebNXk|POXQ|P","q","MD2038","117.00","145.00","","28.00","117.00","2020/09/11",""
"G-L-7001","k|VOOP","q","H119JCA002","3,761.53","5,630.00","","1,020.00","4,610.00","2020/12/03",""
"G-L-7001","k|VOOP","yCq","H119KAA002","31,950.31","36,870.00","","22,750.00","14,120.00","2021/02/12",""
"G-LC-951","fBXpkb|XTP","q","910520","8,500.00","8,500.00","","","8,500.00","2019/03/18",""
"G-LC-951","fBXpkb|XTP","yCq","0A0555","15,000.00","","","","","2021/02/15",""
"G-LC-951","fBXpkb|XTP","yCq","0A7276","6,599.30","6,970.00","15,000.00","4,970.00","17,000.00","2021/01/18",""
"G-LE-604","kd|UOS","yCq","9112666","670.70","689.00","","18.30","670.70","2020/09/10",""
"G-LR-2583","_Ci[kq|QTWR","q","0210190","147.00","","190.00","43.00","147.00","2021/01/12",""
"G-LR-2583","_Ci[kq|QTWR","yCq","0210190","123.00","","190.00","67.00","123.00","2021/01/07",""
"G-LT-560","HUBEI BLUESKY(R) LT-560","q","56020191231","8,360.90","13,000.00","","3,700.00","9,300.00","2020/11/04",""
"G-LT-560","HUBEI BLUESKY(R) LT-560","yCq","56020200726","86,036.70","","330,000.00","94,700.00","235,300.00","2021/01/25",""
"G-LUNA-200","ktm`btqd|QOO","q","20170423","5,100.00","5,100.00","","","5,100.00","2017/12/18",""
"G-LUNA-200","ktm`btqd|QOO","yCq","20191149","9,100.00","16,000.00","","6,900.00","9,100.00","2020/12/01",""
"G-LUNA-907","ktm`btqd|XOV","yCq","201014","2,700.00","16,010.00","","13,310.00","2,700.00","2020/12/04",""
"G-LUNA-907","ktm`btqd|XOV","yCq","201280","20,000.00","","","","","2021/02/01",""
"G-LUNA-EAQ","ktm`btqd|d`p","q","17236-1104","7,700.00","7,700.00","","","7,700.00","2019/01/07",""
"G-L-W75","p[JhbNX@k|vVTikrj","q","1907021005","1,033.42","3,300.00","","1,200.00","2,100.00","2019/12/02",""
"G-L-W75","p[JhbNX@k|vVTikrj","q","1911021364","10,000.00","10,000.00","","","10,000.00","2020/03/23",""
"G-M-1156","l|PPTU","q","D0036043","92.00","161.00","180.00","249.00","92.00","2021/01/12",""
"G-M-1156","l|PPTU","yCq","D0036043","132.22","428.00","360.00","333.00","455.00","2021/01/26",""
"G-M-20","lk|QO","q","F37208","9.70","13.00","","3.30","9.70","2019/10/04",""
"G-M-200","lhq`ldq l|QOO","q","151031207","0.70","0.70","","","0.70","2016/01/19",""
"G-M-200","lhq`ldq l|QOO","yCq","200925207","42.50","108.00","","-5.00","113.00","2020/12/17",""
"G-M-240","l|QSO","yCq","NJ-0635-02","30.00","30.00","","","30.00","2020/12/01",""
"G-M-300","lhq`ldq@l|ROO","q","200616308","94.11","200.00","","102.00","98.00","2020/12/08",""
"G-M-300","lhq`ldq@l|ROO","yCq","200616308","204.46","200.00","","84.00","116.00","2021/02/01",""
"G-M-303","l|ROR","q","CH-3110-04","1.80","1.80","","","1.80","00000000",""
"G-M-305","l|ROT","q","NK-9305-36","15.00","15.00","","","15.00","2020/08/20",""
"G-M-309","l|ROX","q","NC-9005-06","40.00","40.00","","","40.00","2019/06/26",""
"G-M-309","l|ROX","yCq","NC-0005-02","400.00","400.00","","","400.00","2020/09/10",""
"G-M-309","l|ROX","yCq","NH-0005-09","0.60","433.80","","292.80","141.00","2020/12/01",""
"G-M-309","l|ROX","yCq","NJ-0005-10","359.56","","","","","2021/02/02",""
"G-M-310","l|RPO","yCq","NA-9720-01","18.00","18.00","","","18.00","2019/07/12",""
"G-M-315","l|RPT","yCq","NB-0721-05","17.50","17.50","","","17.50","2020/03/19",""
"G-M-315","l|RPT","yCq","NG-9721-14","2.20","3.22","","1.02","2.20","2019/08/23",""
"G-M-315","l|RPT","yCq","NG-9721-16","4.10","4.10","","","4.10","2019/09/20",""
"G-M-408","l|SOW","yCq","NH-0860-18","7.80","100.00","","92.20","7.80","2020/10/22",""
"G-M-408","l|SOW","yCq","NL-0850-26","200.00","","200.00","","200.00","2021/01/21",""
"G-M-450","l|STO","yCq","NF-0721-08","8.30","10.79","","0.79","10.00","2020/09/25",""
"G-M-450","l|STO","yCq","NL-0720-17","18.00","","18.00","","18.00","2021/01/18",""
"G-M-471","Ư M-471","q","NI-0860-04","117.00","","200.00","83.00","117.00","2021/01/12",""
"G-M-471","Ư M-471","yCq","NI-0860-04","788.99","","800.00","237.07","562.93","2021/02/02",""
"G-M-480","l|SWO","q","ND-2626-01","123.80","123.80","","","123.80","2012/06/01",""
"G-M-480","l|SWO","yCq","ND-2626-01","8.20","8.23","","0.03","8.20","2019/10/16",""
"G-M-8100","l|WPOO","yCq","NI-0720-04","43.08","43.03","","32.73","10.30","2021/02/04",""
"G-M-ADT","l `cchshud","q","H121KAG014","37,923.84","45,000.00","","500.00","44,500.00","2020/12/07",""
"G-M-ADT","l `cchshud","yCq","H121KA9007","-104.85","15,720.00","","12,720.00","3,000.00","2020/11/02",""
"G-M-ADT","l `cchshud","yCq","H121KAS005","40,976.69","45,000.00","","","45,000.00","2020/12/14",""
"G-MCH","lbg","q","","234.64","209.00","","118.00","91.00","2021/02/04",""
"G-MEHQ","`nChLm","q","81103","1,180.00","1,400.00","","220.00","1,180.00","2019/04/11",""
"G-MEHQ","`nChLm","yCq","00904","1,612.00","","3,000.00","1,388.00","1,612.00","2021/01/06",""
"G-MEHQ","`nChLm","yCq","01101","2,000.00","","","","","2021/02/10",""
"G-MEK","ldj","q","","255.45","338.00","","52.00","286.00","2020/04/13",""
"G-MEK","ldj","yCq","20C03D6N","7.35","660.00","660.00","1,195.00","125.00","2021/01/13",""
"G-MEK","ldj","yCq","20C23D7N","407.53","","660.00","2.00","658.00","2021/01/21",""
"G-MEK","ldj","yCq","21119D8N","596.30","","","","","2021/02/04",""
"G-MEK-OX","ldjILV","q","01113","35,053.64","48,000.00","","200.00","47,800.00","2020/12/02",""
"G-MEK-OX","ldjILV","yCq","00812","3,701.59","12,194.55","","1,894.55","10,300.00","2020/08/25",""
"G-MEK-OX","ldjILV","yCq","10202","16,000.00","","","","","2021/02/15",""
"G-MH-700","JVbhlg|VOO","q","5275","14.56","59.60","","8.30","51.30","2020/12/07",""
"G-MH-700","JVbhlg|VOO","q","5278","120.00","","60.00","","60.00","2021/02/04",""
"G-MIBK","lhaj","q","","457.49","785.00","","183.00","602.00","2020/12/11",""
"G-MIBK","lhaj","yCq","","10,998.72","4,004.00","","1,684.00","2,320.00","2021/02/01",""
"G-MMB","\tBbg","yCq","13213","100.13","148.00","","12.00","136.00","2020/11/09",""
"G-MN","itel[glmUP","q","13352","7,829.97","8,400.00","","400.00","8,000.00","2016/07/13",""
"G-MN","itel[glmUP","yCq","13352","2,400.00","2,440.00","","40.00","2,400.00","2017/02/17",""
"G-MOH","^m\","q","","151.08","41.00","160.00","41.00","160.00","2021/01/21",""
"G-MOH","^m\","yCq","J21C7","320.00","","","","","2021/02/02",""
"G-MOH","^m\","yCq","T20A4","117.00","320.00","","203.00","117.00","2020/11/05",""
"G-MT-3501","ls|RTOP","q","NI-5860-12","2.70","2.70","","","2.70","2015/11/03",""
"G-M-X66","lk|wUU","q","H37347","60.00","111.00","","51.00","60.00","2019/09/18",""
"G-N/B-AMANIYU","m/am","q","8X09121","125.50","130.00","","","130.00","2018/10/12",""
"G-N-695SOL(KHU-3)","N-695SOL(KHU-3)","q","0826751","180.47","705.00","","68.00","637.00","2020/12/03",""
"G-N-695SOL(KHU-3)","N-695SOL(KHU-3)","q","1105751","1,440.00","","","","","2021/02/12",""
"G-NAA-180","m``|PWO","q","91016X","15,142.64","16,200.00","","600.00","15,600.00","2020/04/20",""
"G-NAFE","itebNXSTP","q","14121911","100.00","100.00","","","100.00","2015/01/21",""
"G-NALI1.2P","itebNX`EPDQP","q","14050111","5,000.00","5,000.00","","","5,000.00","2014/08/01",""
"G-NA-TI","i[Z`^","q","14102401","470.00","430.00","","-40.00","470.00","2015/04/10",""
"G-NA-TI","i[Z`^","yCq","20110601","13,466.05","14,714.75","","944.75","13,770.00","2020/11/12",""
"G-NAZN8P","itebNXWP","q","15060311","4,200.00","4,200.00","","","4,200.00","2015/09/16",""
"G-N-BOH","u^m\","q","","981.23","448.00","660.00","373.00","735.00","2021/02/09",""
"G-N-BOH","u^m\","yCq","","9,969.10","4,451.00","","2,851.00","1,600.00","2021/02/02",""
"G-N-H","mփLT","q","","312.45","131.00","1,072.00","527.00","676.00","2021/01/21",""
"G-N-H","mփLT","yCq","","128.00","136.90","","8.90","128.00","2019/06/04",""
"G-NO-FE","ƯS6P","q","18062511","7,000.00","7,700.00","","700.00","7,000.00","2018/11/19",""
"G-NO-LI","Ư1.2P","q","18112811","900.00","1,400.00","","","1,400.00","2019/01/29",""
"G-NO-ZN","jbJIN`bNXWP","q","18110111","7,800.00","8,900.00","","1,100.00","7,800.00","2019/01/09",""
"G-NP-130","mo|PRO","yCq","8G224","400.00","525.00","","","525.00","2018/09/10",""
"G-NP-140SOL","mo|PSOrnk","q","0217751","699.61","881.00","","199.00","682.00","2021/02/12",""
"G-NP-A","CgAN[gmo|`","q","1032944","34.00","34.00","","","34.00","2011/08/19",""
"G-NSD-N","j[\nC\tg","q","","220.13","140.00","","52.00","88.00","2021/02/04",""
"G-NSD-N","j[\nC\tg","yCq","201210YH0L02","149.10","","154.60","5.50","149.10","2021/01/07",""
"G-NSO-220","ite]|QQO","q","","151.66","196.00","164.00","148.00","212.00","2021/01/21",""
"G-N-UN-WPL","QOgtmʔy[","q","","55.00","69.00","","1.00","68.00","2020/08/18",""
"G-NX501WHT-16","NX-501 WHITE","yCq","35194088","11.80","11.80","","","11.80","2019/05/09",""
"G-NX591BLK-16","mw|TXPak`bjiPUjfj","yCq","3520B069","17.10","55.66","-16.00","0.01","39.65","2021/01/05",""
"G-NX591BLK-16","mw|TXPak`bjiPUjfj","yCq","3520C108","42.42","","16.00","","16.00","2021/02/03",""
"G-OD-E-160","OD|E|PUO","q","K0523552","303.10","246.00","","44.00","202.00","2021/02/02",""
"G-OD-E-160","OD|E|PUO","yCq","K0523552","181.00","187.00","","6.00","181.00","2020/12/02",""
"G-O-MN","lm-nbsn`sd@W","q","13180","2,925.86","12,600.00","","5,800.00","6,800.00","2020/05/14",""
"G-O-MN","lm-nbsn`sd@W","q","13183","51,000.00","51,000.00","","","51,000.00","2020/12/07",""
"G-O-MN","lm-nbsn`sd@W","yCq","13176","12,164.63","15,584.01","","2,584.01","13,000.00","2019/04/18",""
"G-OMNI-184","nlmhq`c@PWS","q","0003814","6,300.00","6,300.00","","","6,300.00","2018/10/03",""
"G-OMNI-651","nlmhq`c@UTP","q","0014560651","1,400.00","1,400.00","","","1,400.00","00000000",""
"G-OMNI-MBF","nlmhq`c@lae","yCq","201912015","25,000.00","25,000.00","","","25,000.00","2020/12/09",""
"G-OMNI-MBF","nlmhq`c@lae","yCq","M0-077-1912001","5,615.32","8,971.19","","871.19","8,100.00","2020/09/01",""
"G-ORA-3210Z","u`qhnrnk@nq`mfdRQPOy","q","KA07916","1,460.00","1,460.00","","","1,460.00","2018/06/25",""
"G-ORA-3210Z","u`qhnrnk@nq`mfdRQPOy","yCq","MA06599","1,910.00","64,400.00","","42,490.00","21,910.00","2020/10/05",""
"G-ORA-3210Z","u`qhnrnk@nq`mfdRQPOy","yCq","NA02928","75,000.00","","75,000.00","","75,000.00","2021/01/19",""
"G-P-138","o|PRW","q","D0D38123","16.00","","16.00","","16.00","2021/01/19",""
"G-P-138","o|PRW","q","D9N26590","2.03","5.10","","3.07","2.03","2019/12/17",""
"G-P-140","o|PSO",""," ","","","","","","","1,200.00"
"G-P-140SOL(50PXOL)","o|PSOrnkiTOownkj","q","0X15751","176.90","2,340.00","","1,458.00","882.00","2020/12/25",""
"G-P-140SOL(50PXOL)","o|PSOrnkiTOownkj","q","1119751","2,149.00","","","","","2021/02/03",""
"G-P-196M","o|PXU|l","q","D0D38270","14.10","","80.00","65.90","14.10","2021/01/22",""
"G-P-3300","IX^[o|RROO","q","20122106P","104.71","","3,200.00","2,285.00","915.00","2021/02/02",""
"G-P-3300","IX^[o|RROO","q","21012006P","1,400.00","","","","","2021/02/12",""
"G-P-470-LO-60","o|SVO|kn|UO","q","J9600993","4.90","6.50","","1.60","4.90","2019/07/10",""
"G-P-470-LO-60","o|SVO|kn|UO","yCq","J0902104","10.90","16.00","","5.10","10.90","2020/12/04",""
"G-P-BC","p[JhbNXab","q","2002DN20P1","10,212.33","11,400.00","","1,187.67","10,212.33","2020/05/19",""
"G-P-BC","p[JhbNXab","yCq","2004DN21P1","-210.00","1,877.75","","1,647.75","230.00","2020/08/21",""
"G-P-BC","p[JhbNXab","yCq","2012DN08P1","18,430.00","","","","","2021/02/01",""
"G-PF-656","|tHbNXUTU","q","2234AM-153","10,295.99","10,800.00","","65.34","10,734.66","2018/12/20",""
"G-PINK-478","nq`rnk@ohmj@SVW","yCq","001-171502","12,800.00","12,800.00","","","12,800.00","2019/05/22",""
"G-PM","PM(ݸغٴ)","yCq","","11.00","12.80","","-1.20","14.00","2020/03/13",""
"G-PM-2","j`x`ldq@ol|Q","q","001001","1,240.00","2,000.00","","760.00","1,240.00","2020/12/16",""
"G-PMA","ol`","q","","184.95","223.00","","","223.00","2020/12/09",""
"G-PMA","ol`","yCq","212062","294.86","","380.00","51.00","329.00","2021/01/14",""
"G-PR-S-KAI-SOL","oq|rijrnk","q","0X01751","180.00","1,117.00","","757.00","360.00","2020/11/05",""
"G-PR-S-KAI-SOL","oq|rijrnk","q","0Y19751","860.78","","2,520.00","1,132.00","1,388.00","2021/01/12",""
"G-PR-S-KAI-SOL","oq|rijrnk","yCq","8924751","111.00","111.00","","","111.00","2019/01/15",""
"G-R-2110","q|QPPO","q","","372.00","372.00","","","372.00","2020/09/25",""
"G-R-2110","q|QPPO","yCq","","176.00","198.00","","22.00","176.00","2020/08/20",""
"G-RED-3304Z","u`qhnrnk@qdcRROSy","yCq","HA06128","12,100.00","12,100.00","","","12,100.00","2017/08/10",""
"G-RED-3304Z","u`qhnrnk@qdcRROSy","yCq","KA05882","15,000.00","15,000.00","","","15,000.00","2018/06/29",""
"G-RED-3306Z","u`khnrnk@qdcRROUy","yCq","MA04219","6,800.00","16,300.00","","4,800.00","11,500.00","2020/04/01",""
"G-ROSI-5121","TPQP","q","","4,952.00","4,952.00","","","4,952.00","2020/10/06",""
"G-ROSI-5277","TQVV","q","","3,396.00","3,396.00","","","3,396.00","2020/10/06",""
"G-RUA-051","RUA-051","yCq","011U0180","35.70","35.72","","0.02","35.70","2020/12/02",""
"G-RWX","EbNX","q","1405530077","17,100.00","17,100.00","","","17,100.00","2014/10/14",""
"GS-3300M-CL","3300M ԰","q","21011506H","10.00","","10.00","","10.00","2021/01/14",""
"GS-5100-CL","5100 ԰","q","20102203H","10.80","10.80","","","10.80","2020/10/21",""
"GS-5100M-CL","5100M ԰","q","21011901H","8.70","","8.70","","8.70","2021/01/15",""
"GS-593P-T","593߰","q","20111603H","11.10","11.10","","","11.10","2020/11/13",""
"G-S-720","r|VQO","yCq","C106","26.00","26.00","","","26.00","2017/05/31",""
"GS-AASA-U","AAS1 At","q","21021002H","20.40","","","","","2021/02/09",""
"G-SAKUBUTI","|_u`","q","","205.12","74.00","","8.00","66.00","2021/02/04",""
"G-SAKUBUTI","|_u`","Zpۑq","","15.00","15.00","","","15.00","2013/01/09",""
"G-SAKUBUTI","|_u`","yCq","211241","18.60","354.00","","174.00","180.00","2020/12/07",""
"G-SAKUBUTI","|_u`","yCq","212171","185.63","","720.00","230.00","490.00","2021/01/14",""
"G-SAKUETI","|_G`","q","","766.32","930.00","720.00","858.00","792.00","2021/02/03",""
"G-SAKUETI","|_G`","yCq","","4,582.47","7,654.00","10,800.00","8,734.00","9,720.00","2021/01/19",""
"GS-A-M","˔phA","q","21020405H","15.00","","","","","2021/02/04",""
"GS-AS521B-U","AS-521 Bt","Zpۑq","7061506H","4.00","4.00","","","4.00","2017/06/15",""
"GS-AS5-CL","AS-5NP԰","q","20121131H","13.00","13.00","","","13.00","2020/12/09",""
"GS-AS5K-CL","AS-5NP()԰","q","20102831H","8.20","8.20","","","8.20","2020/10/28",""
"GS-AS5TK-U","AS-5NPް","q","21020805H","13.80","","","","","2021/02/08",""
"GS-AS7TK-U","AS-7NPް","q","21020831H","4.80","","","","","2021/02/03",""
"GS-AS83-U","AS-83NP2ް","q","21020301H","19.20","","","","","2021/02/03",""
"GS-AS87N-U","AS-87NPް","q","21020931H","16.90","","","","","2021/02/08",""
"GS-B-M","Bߔ˔ph","q","21020903H","6.70","","","","","2021/02/10",""
"GS-BP50-U","BP-50 ް","yCq","21012951T","15.70","","15.70","","15.70","2021/01/29",""
"GS-BP90-U","BP-90","yCq","20090151T","19.00","19.00","","","19.00","2020/09/01",""
"GS-BS421ABLK-U","BS-421A-BLK","yCq","21020152T","4.50","","","","","2021/02/01",""
"GS-BS421A-U","ar|SQP`t","yCq","20120952T","14.29","17.17","45.00","1.00","61.17","2021/01/29",""
"GS-BS421B-U","ar|SQPat","q","20121701H","4.10","19.10","","","19.10","2020/12/16",""
"GS-CH3019-U","bg|ROPXA_[","yCq","21012681T","7.40","","7.40","","7.40","2021/01/26",""
"GS-C-M","CPP˔ph","q","21011501H","6.00","","6.00","","6.00","2021/01/15",""
"GS-C-M","CPP˔ph","q","21021101H","12.00","","","","","2021/02/10",""
"GS-CUP04-U","CUP-04","yCq","20090381T","12.10","13.10","","1.00","12.10","2020/09/03",""
"G-SE-5377","_Ci|rdTRVV","q","1220729","72.00","99.00","","27.00","72.00","2020/04/08",""
"G-SE-5377","_Ci|rdTRVV","yCq","0220590","402.24","266.00","380.00","425.00","221.00","2021/02/04",""
"GS-E-C","C ","q","21011807H","4.90","","4.90","","4.90","2021/01/18",""
"GS-EE1S73-CL","EE-1S(7:3)԰","q","21012805H","17.80","","17.80","","17.80","2021/01/25",""
"GS-E-M","˔ph E","q","20110404H","10.80","10.80","","","10.80","2020/11/04",""
"GS-FG3000-U","FG-3000ް","yCq","20120753T","19.10","19.10","","","19.10","2020/12/07",""
"GS-FK13S1-U","FK-13Stް","yCq","21021051T","21.70","","","","","2021/02/10",""
"GS-FPA3K2-U","FPA-3() 2 ް","q","21012104H","24.20","","24.20","","24.20","2021/01/21",""
"GS-FPA3K-U","FPA-3ް","q","20102903H","23.80","23.00","","-0.80","23.80","2020/10/29",""
"GS-FPA3-U","eo`|RA_[","q","20120802H","12.60","12.60","","","12.60","2020/12/07",""
"GS-IK50-M","hj|TO","q","20102101H","9.60","9.60","","","9.60","2020/10/21",""
"GS-K150NSUM-U","K-150NPČ^ް","q","20041707H","18.50","18.50","","","18.50","2020/04/16",""
"GS-K150N-U","K-150NPް","q","21020231H","20.10","","","","","2021/02/02",""
"GS-K164N-U","j|PUSmoA_[","q","21020832H","11.50","","","","","2021/02/05",""
"GS-K560A-U","K-560 At","q","21012706H","20.70","","5.70","","5.70","2021/02/11",""
"GS-K560B-U","K-560 Bt","q","20122402H","15.00","","","","","2021/02/11",""
"GS-K706CLA-U","K-706CL At","q","21012806H","2.40","","2.40","","2.40","2021/01/26",""
"GS-K706CLKA-U","K-706CL()At","q","21012204H","5.00","","5.00","","5.00","2021/01/21",""
"GS-K706CLKB-U","K-706CL()Bt","q","21020904H","6.90","","","","","2021/02/05",""
"G-SK-9195","rj|XPXT","yCq","9527151","452.00","452.00","","","452.00","2020/03/16",""
"G-S-KARYUZAI","ï r","yCq","Y-2002","0.95","0.95","","","0.95","2020/11/24",""
"GS-KHU3K3A-U","jgt|RiRj`t","q","21020107H","30.80","","","","","2021/02/01",""
"GS-KHU3K3B-U","jgt|RiRjat","q","21020101H","24.20","","","","","2021/02/01",""
"GS-KNB01-U","jma|OPA_[","q","20082501H","3.90","3.90","","","3.90","2020/08/21",""
"GS-KS042A-U","KS-042 At","q","21020203H","26.30","","","","","2021/02/02",""
"GS-KS042B-U","KS-042 Bt","q","21020308H","22.50","","","","","2021/02/03",""
"GS-KT3A-U","KT-3 At","q","20040701H","5.10","5.10","","","5.10","2020/04/06",""
"GS-KT3A-U","KT-3 At","q","21011302H","20.40","","20.40","","20.40","2021/01/08",""
"GS-KU6-U","KU-6","q","20102003H","5.60","5.60","","","5.60","2020/10/20",""
"G-S-L","m}ptB","q","","116.22","62.00","","-2.00","64.00","2021/02/02",""
"GS-MB20K2-U","la|QOjQ","yCq","21011352T","15.00","","15.00","","15.00","2021/01/13",""
"GS-MP003PSL-M","MP-003-PSL","q","20080531H","3.50","3.50","","","3.50","2020/08/05",""
"GS-MP003-TH","MP-003Ű","yCq","20080681T","9.80","9.80","","","9.80","2020/08/06",""
"GS-N404K2A-U","N-404K2 At","q","20101902H","6.70","6.70","","","6.70","2020/10/14",""
"GS-N404K2-U","N-404(2)ް","q","21021503H","29.00","","","","","2021/02/11",""
"GS-N404K3-U","N-404K3","yCq","21012852T","1.10","","18.10","17.00","1.10","2021/01/28",""
"G-SOL-AL","\oC`k","yCq","AL-47090","7.90","7.90","","","7.90","2020/11/17",""
"G-SOL-M5","\oC lT","yCq","M5-91040","14.68","14.68","","","14.68","2020/11/17",""
"G-SP-224H","QQSg","q","L-010366","250.62","529.00","","147.00","382.00","2020/12/15",""
"G-SP-224H","QQSg","yCq","L-010366","112.00","180.00","","68.00","112.00","2020/12/17",""
"GS-P3","P-3ײϰ","q","20071331H","1.60","1.60","","","1.60","2020/07/13",""
"GS-P4","P-4","q","21011804H","3.40","","3.40","","3.40","2021/01/15",""
"G-SP-813A","WPR`","q","L-010103","17.00","17.00","","","17.00","2020/12/10",""
"G-SP-813A","WPR`","q","L-609122","1.40","1.40","","","1.40","2016/11/01",""
"G-SP-813A","WPR`","yCq","L-911111","5.91","5.94","","-0.06","6.00","2020/03/19",""
"GS-PC2000-U","PC-2000ް","yCq","21012154T","15.60","","15.60","","15.60","2021/01/21",""
"GS-PCS3000-U","PCS-3000ް","yCq","20101482T","7.10","7.10","","","7.10","2020/10/14",""
"G-SP-L206","k|QOU","q","L-003125","20.45","7.40","34.00","25.90","15.50","2021/02/10",""
"GS-PP33-U","PP-33NPް","q","21021509H","29.50","","","","","2021/02/12",""
"GS-PP44-U","PP-44NPް","q","21012604H","19.60","","19.60","","19.60","2021/01/25",""
"GS-PP553-3A-U","oo|TTRiRj`t","yCq","20122351T","18.60","18.60","","","18.60","2020/12/23",""
"GS-PP553KA-U","oo|TTRij`t","yCq","21012155T","4.20","","4.20","","4.20","2021/01/21",""
"GS-PP653A-U","oo|UTR `","q","21012203H","19.60","","19.60","","19.60","2021/01/21",""
"GS-PP653B-U","oo|UTR a","q","21012102H","26.70","","26.70","","26.70","2021/01/20",""
"GS-PP653C-U","oo|UTR b","q","21012601H","10.80","","10.80","","10.80","2021/01/22",""
"GS-PPR82-3A-U","PPR-82(3)A","q","20120902H","5.70","5.70","","","5.70","2020/12/07",""
"GS-PRAK-M","oq|`ij","q","21021206H","15.00","","","","","2021/02/12",""
"GS-PR-A-S-TH","PR-AS ߗpŰ","q","21021510H","5.60","","","","","2021/02/12",""
"GS-PRSKA-CL","PR-S() At(԰)","q","21020803H","16.00","","","","","2021/02/03",""
"GS-PRSKB-M","PR-S() Bt()","q","21020804H","1.20","","","","","2021/02/08",""
"GS-PSY50URB-U","PS-Y50UR B","q","20092306H","2.30","2.30","","","2.30","2020/09/17",""
"GS-PSY50URCHA-U","PS-Y50UR-CH A","q","20092501H","18.50","18.50","","","18.50","2020/09/24",""
"GS-PSY50URCHA-U","PS-Y50UR-CH A","q","20100208H","7.90","7.90","","","7.90","2020/10/02",""
"GS-PSY50URVA-U","PS-Y50UR-VC A","yCq","20120353T","15.00","15.00","","","15.00","2020/12/03",""
"GS-PSY50URVA-U","PS-Y50UR-VC A","yCq","21020353T","14.50","","","","","2021/02/03",""
"GS-PSY50URVB-U","PS-Y50UR-VC B","q","21011906H","3.20","","3.20","","3.20","2021/01/15",""
"GS-PT04S-T","PT-04į","yCq","21021552T","30.00","","","","","2021/02/15",""
"G-SR-2400","rq|QSOO","q","0008551167","27.60","27.60","","","27.60","2016/02/08",""
"GS-RC20-U","qb|QOA_[","q","21011504H","19.80","","19.80","","19.80","2021/01/14",""
"GS-RT130-T","RT-130 į","yCq","20111681T","26.70","26.70","","","26.70","2020/11/16",""
"GS-RT160HNVBL125-T","RT-160HNVBL125","yCq","20120851T","6.60","6.60","","","6.60","2020/12/08",""
"GS-RT160HNV-T","qs|PUOgmugbv","yCq","21021151T","97.80","","","","","2021/02/11",""
"GS-RT175K-T","RT-175() į","q","20100504H","14.00","14.00","","","14.00","2020/10/02",""
"GS-RT240RBLU3-T","RT-240R BLUE TOP3","yCq","21011552T","4.70","","4.80","0.10","4.70","2021/01/15",""
"GS-RT240R-T","RT-240R į","yCq","20120951T","58.20","102.50","","44.30","58.20","2020/12/09",""
"GS-RT240R-T","RT-240R į","yCq","21011951T","21.00","","21.00","","21.00","2021/01/19",""
"GS-RT240R-T","RT-240R į","yCq","21020153T","11.10","","","","","2021/02/01",""
"GS-RT320HNVBLU-T","RT-320HNV BLUE TOP","yCq","20122452T","3.80","3.80","","","3.80","2020/12/24",""
"GS-RT320-T","RT-320 į","yCq","21012851T","20.80","","20.80","","20.80","2021/01/28",""
"GS-RT35M-T","RT-35M į","q","21011902H","20.30","","20.30","","20.30","2021/01/18",""
"GS-RT4002-T","RT-400Uį","q","20111909H","6.50","6.50","","","6.50","2020/11/17",""
"GS-RT45-T","RT-45 į","yCq","20120153T","26.80","26.80","","","26.80","2020/12/01",""
"GS-RT48-T","qs|SWgbv","yCq","21012952T","24.00","","24.00","","24.00","2021/01/29",""
"GS-RTS04-U","RTS-04 ް","yCq","21012651T","16.90","","16.90","","16.90","2021/01/26",""
"GS-ST10-T","ST-10Mį","q","21020801H","5.00","","","","","2021/02/04",""
"GS-ST32-T","ST-32į","yCq","20082051T","-0.30","353.30","","347.30","6.00","2020/08/20",""
"GS-ST32-T","ST-32į","yCq","20100553T","1.50","720.00","","540.00","180.00","2020/10/05",""
"GS-ST32-T","ST-32į","yCq","21012751T","2,377.27","","2,918.00","","2,918.00","2021/01/27",""
"GS-STH350M-U","STH-350Mް","q","21010801H","5.50","","5.50","","5.50","2021/01/07",""
"GS-STH350VCA-U","STH-350-VC A","q","20121803H","3.50","3.50","","","3.50","2020/12/15",""
"GS-STH380A-U","STH-380 At","q","21020403H","9.70","","","","","2021/02/02",""
"GS-STH501M-U","STH-501Mް","q","21011407H","11.50","","11.50","","11.50","2021/01/13",""
"GS-STM10-CL","STM-10 ԰","q","21010506H","2.90","","2.90","","2.90","2021/01/05",""
"GS-STM1-M","STM-1h","q","20112602H","6.90","6.90","","","6.90","2020/11/26",""
"GS-STM1N-CL","rsl|PN[imrj","q","21020402H","6.20","","","","","2021/02/02",""
"GS-STM30T1-CL","STM-30-T1 ԰","q","21020502H","37.80","","","","","2021/02/04",""
"GS-STM30T1-M","STM-30-T1h","q","21012801H","8.00","","8.00","","8.00","2021/01/28",""
"GS-STM30T1-TH","STM-30-T1 Ű","q","21012504H","19.60","","19.60","","19.60","2021/01/21",""
"GS-STM30T2CH-CL","STM-30-T2-CH ԰","yCq","20082552T","2.60","2.60","","","2.60","2020/08/25",""
"GS-STM30T2-CL","STM-30-T2 ԰","q","21020401H","8.40","","","","","2021/02/01",""
"GS-STM30T2L-M","STM-30-T2Lh","q","20121706H","7.80","7.80","","","7.80","2020/12/18",""
"GS-STM30T2VC-CL","STM-30-T2-VC Clear","q","21020504H","4.10","","","","","2021/02/05",""
"GS-STM40T1-M","STM-40-T1h","q","21012701H","9.60","","9.60","","9.60","2021/01/28",""
"GS-STM40T2-M","STM-40-T2h","q","21020305H","1.50","","","","","2021/02/03",""
"GS-STR80A-U","STR-80 At","q","20022405H","20.80","20.80","","","20.80","2020/02/24",""
"GS-STR80A-U","STR-80 At","q","80621","28.00","28.00","","","28.00","2018/07/10",""
"GS-STR80B-U","STR-80 Bt","q","20022403H","3.70","3.70","","","3.70","2020/02/20",""
"GS-SU100A-U","SU-100 At","q","20121802H","8.90","8.90","","","8.90","2020/12/16",""
"GS-SU100HA2-U","SU-100HNV A2t","yCq","21020952T","24.60","","","","","2021/02/09",""
"GS-SU100HB-U","SU-100HNV Bt","q","21021201H","26.50","","","","","2021/02/12",""
"GS-SU930A-U","SU-930 At","q","21021505H","7.10","","","","","2021/02/11",""
"GS-SV3800A-U","SV-3800 A","yCq","21020452T","35.90","","","","","2021/02/04",""
"GS-SV3800B-U","SV-3800 B","yCq","21020951T","21.00","","","","","2021/02/09",""
"GS-SV3800LHR-U","ru|RWOOkgqA_[","yCq","21010751T","35.00","","35.00","","35.00","2021/01/26",""
"GS-SV3800L-U","SV-3800L ް","yCq","21011251T","10.90","","10.90","","10.90","2021/01/12",""
"GS-SV3800M-U","SV-3800-M","yCq","20102251T","11.70","11.70","","","11.70","2020/10/22",""
"GS-SV3800-U","SV-3800ް","yCq","21011852T","13.40","","15.00","1.60","13.40","2021/01/18",""
"GS-SV450036-U","SV-4500-36 ް","q","20120803H","2.30","2.30","","","2.30","2020/12/03",""
"GS-SV450036-U","SV-4500-36 ް","q","21012903H","2.90","","2.90","","2.90","2021/01/27",""
"GS-SVPETR-U","SV-PET-Rް","yCq","20090953T","21.30","21.30","","","21.30","2020/09/09",""
"GS-TDM1-M","scl|P","q","21020209H","8.90","","","","","2021/02/01",""
"GS-TL410-L","TL-410 -ް","q","20041531H","2.10","2.10","","","2.10","2020/04/14",""
"GS-U100-TH","U-100 Ű","q","21021103H","11.80","","","","","2021/02/09",""
"GS-U200-TH","U-200 Ű","q","20121408H","9.60","9.60","","","9.60","2020/12/11",""
"GS-U320-TH","U-320 Ű","q","21021205H","5.40","","","","","2021/02/10",""
"GS-U330-TH","U-330 Ű","q","21011903H","2.40","","14.60","","14.60","2021/01/18",""
"GS-U342-TH","U-342 Ű","q","21012510H","1.40","","1.40","","1.40","2021/01/21",""
"GS-U342-TH","U-342 Ű","q","9120302H","2.60","2.60","","","2.60","2019/12/02",""
"GS-U390-TH","t|RXOVi[","q","20042804H","11.90","0.90","","-11.00","11.90","2020/04/24",""
"GS-UL430-L","UL-430 ް","yCq","21011453T","10.10","","10.10","","10.10","2021/01/14",""
"GS-UR800A-U","گ800 At","q","20121503H","3.20","3.20","","","3.20","2020/12/14",""
"GS-URPA-U","گP At","q","21021202H","25.80","","","","","2021/02/10",""
"GS-UT210A-T","UT-210Aį","yCq","20112482T","13.00","13.00","","","13.00","2020/11/24",""
"GS-UV221K3-U","UV-2213","yCq","20101681T","4.30","4.30","","","4.30","2020/10/16",""
"GS-UV2300L-U","UV-2300L","yCq","21021251T","18.80","","","","","2021/02/12",""
"GS-UV23R-U","UV-23R ް","q","21012901H","3.10","","3.10","","3.10","2021/01/27",""
"GS-UV253-U","UV-253 ް","q","20101232H","5.00","5.00","","","5.00","2020/10/12",""
"GS-UV270M-U","tu|QVOl A_[","yCq","21011551T","20.40","","20.40","","20.40","2021/01/15",""
"GS-UV270V-U","tu|QVOuA_[","yCq","20121481T","18.00","22.00","","","22.00","2020/12/14",""
"GS-UV305-U","UV-305ް","yCq","21021551T","16.60","","","","","2021/02/15",""
"GS-UV361CJ-U","tu|RUPbiA_[","yCq","20091552T","21.90","21.90","","","21.90","2020/09/15",""
"GS-UV361-U","UV-361 ް","yCq","21011881T","20.50","","20.50","","20.50","2021/01/18",""
"GS-UV382K-T","UV-382()į","q","20040731H","1.00","1.00","","","1.00","2020/04/06",""
"GS-UV382-T","UV-382 į","yCq","21021152T","21.10","","","","","2021/02/11",""
"GS-UV382TNF-T","UV-382TNF","yCq","21010552T","30.40","","30.40","","30.40","2021/01/05",""
"GS-UV422-U","tu|SQQ A_[","yCq","20081853T","6.80","6.80","","","6.80","2020/08/18",""
"GS-UV482-T","tu|SWQgbv","yCq","9112082T","4.00","4.00","","","4.00","2019/11/20",""
"GS-UV505K2A-U","tu|TOTjQ`","yCq","21021052T","19.30","","","","","2021/02/10",""
"GS-UV505K2B-U","tu|TOTjQa","yCq","20122251T","15.00","15.00","","","15.00","2020/12/22",""
"GS-UV542BBA-U","tu|TSQaa`","yCq","21012553T","18.10","","18.10","","18.10","2021/01/25",""
"GS-UV542BBB-U","tu|TSQaaa","yCq","20120154T","18.70","18.70","","","18.70","2020/11/30",""
"GS-UV542BB-U","tu|TSQaaA_[","yCq","21012151T","19.00","","19.00","","19.00","2021/01/21",""
"GS-UV542TU-U","tu|TSQst A_[","Zpۑq","9092509","10.00","10.00","","","10.00","2009/09/25",""
"GS-UV542-U","UV-542 ް","yCq","21011452T","15.50","","17.00","1.00","16.00","2021/01/14",""
"GS-UV542VP-U","UV-542VP","yCq","21011351T","11.00","","15.00","","15.00","2021/01/13",""
"GS-UV700-U","UV-700ް","yCq","21011581T","16.70","","16.70","","16.70","2021/01/15",""
"GS-UV782TPS-T","UV-782TPS","yCq","21020852T","5.90","","","","","2021/02/08",""
"GS-UV901K-U","UV-901ް","yCq","20101551T","17.90","17.90","","","17.90","2020/10/15",""
"GS-UV906-U","tu|XOUA_[","yCq","21011451T","17.50","","17.50","","17.50","2021/01/14",""
"GS-UV9135-U","UV-9135ް","yCq","20120481T","15.00","15.50","","","15.50","2020/12/04",""
"GS-UV9237-U","UV-9237ް","yCq","20060852T","17.80","17.80","","","17.80","2020/06/08",""
"GS-UVPP3A-U","UV-PPNO3 A","q","21012002H","21.30","","21.30","","21.30","2021/01/19",""
"GS-UVT06TK3-T","UVT-06-3-","yCq","21021081T","18.90","","","","","2021/02/10",""
"GS-UVXK02-U","UVX-K02ް","q","20121603H","9.40","9.40","","","9.40","2020/12/15",""
"GS-UVXK08-U","tuw|jOWA_[","yCq","20041380T","3.30","3.30","","","3.30","00000000",""
"GS-UVZ01F-U","UVZ-01ް(F)","yCq","20120452T","7.50","7.50","","","7.50","2020/12/04",""
"GS-X80N-U","w|WOmoA_[","q","21012831H","12.50","","12.50","","12.50","2021/01/27",""
"G-T-087","s|OWV","q","0929221","342.33","946.00","","307.00","639.00","2020/12/25",""
"G-T-087","s|OWV","q","1115221","720.00","","","","","2021/02/01",""
"G-T-087","s|OWV","yCq","0929221","232.00","247.00","","15.00","232.00","2020/11/26",""
"GT-1/10E-14(TOL)","P^POd|PS|POOOisnkj","q","200423T","461.28","640.00","","75.54","564.46","2020/06/02",""
"GT-1/10E-14(TOL)","P^POd|PS|POOOisnkj","yCq","200423T","5,600.00","5,635.59","","35.59","5,600.00","2020/04/22",""
"GT-1/10F-569(EA)","1/10F-569(|)","q","201208T","5,000.00","5,000.00","","","5,000.00","2020/12/10",""
"GT-1/10F-569(EA)","1/10F-569(|)","q","90312T","1,530.17","2,500.00","","","2,500.00","2019/11/19",""
"GT-1/10F-569(EA)","1/10F-569(|)","yCq","200806T","520.00","6,743.56","","6,143.56","600.00","2020/08/06",""
"GT-1/10F-569(EA)","1/10F-569(|)","yCq","201208T","15,000.00","15,000.00","","","15,000.00","2020/12/08",""
"GT-1/2-DMBI(SAKUETI)","P^Qclah(|G`)","q","81126T","5.74","7.70","","1.96","5.74","2018/11/26",""
"GT-1/2-DMBI(SAKUETI)","P^Qclah(|G`)","yCq","81126T","13.60","13.60","","","13.60","2018/11/26",""
"GT-1/3KIP-150(BCELL)","P^Rjho|PTOiu`Zj","yCq","201223T","68,360.00","74,200.00","","","74,200.00","2020/12/23",""
"GT-1140BSOL","PPSOaSOL","q","C-004","158.78","272.00","","21.00","251.00","2020/09/03",""
"G-T-20P-2","T-20P-2","q","20101922C","39.30","75.00","","20.70","54.30","2020/11/05",""
"G-T-20P-2","T-20P-2","q","20113023C","75.00","75.00","","","75.00","2020/12/08",""
"G-T-20P-2","T-20P-2","q","21011821C","65.60","","75.00","25.60","49.40","2021/02/02",""
"G-T-20P-2","T-20P-2","q","21011822C","60.00","","","","","2021/02/02",""
"GT-271ASOL(1000#)","QVP`SOL(POOOj","q","210210","437.50","","","","","2021/02/10",""
"GT-271ASOL(1000#)","QVP`SOL(POOOj","q","B-006","61.93","150.00","","57.00","93.00","2019/12/23",""
"GT-2E4MZ-SOL","2E4MZ sol(#1000)","q","200929","10,122.06","17,400.00","","1,400.00","16,000.00","2020/09/29",""
"GT-2E4MZ-SOL","2E4MZ sol(#1000)","q","201105","33,800.00","33,800.00","","","33,800.00","2020/11/03",""
"G-T-4000","s|SOOO","q","7809751","0.40","22.00","","16.00","6.00","2017/11/15",""
"G-T-4000","s|SOOO","q","9723751","326.70","360.00","","","360.00","2019/07/25",""
"G-T-4000","s|SOOO","q","9X24751","360.00","360.00","","","360.00","2019/10/29",""
"G-T-4000","s|SOOO","yCq","9723751","186.20","360.00","","","360.00","2019/09/27",""
"G-T-4000","s|SOOO","yCq","9X24751","736.71","1,678.00","","","1,678.00","2019/11/01",""
"GT-514SOL","TPSSOL","q","C-003","341.90","393.00","","","393.00","2020/09/02",""
"G-T-80","Rl\g@s|WO","q","999","13.60","13.60","","","13.60","2013/09/14",""
"G-TA-10P-5","s`|POo|T","q","19040915C","3,300.00","7,300.00","","4,000.00","3,300.00","2019/06/18",""
"G-TA-10P-5","s`|POo|T","q","19100843C","15,000.00","15,000.00","","","15,000.00","2019/10/16",""
"G-TA-10P-5","s`|POo|T","yCq","20101317C","43,850.00","67,880.00","","20,030.00","47,850.00","2020/10/23",""
"GT-AL-P300-25","`k|oROO|QT","q","201105","21.20","69.80","","28.90","40.90","2020/11/04",""
"GT-AL-P300-25","`k|oROO|QT","q","210114","73.80","","74.09","0.29","73.80","2021/01/13",""
"GT-AL-P300-25","`k|oROO|QT","yCq","70417","3.90","3.90","","","3.90","2019/01/15",""
"GT-BLU2680Z-LQ","u[2680yLbh","yCq","210201T","6,950.00","","","","","2021/02/02",""
"GT-BLU2680Z-LQ","u[2680yLbh","yCq","80829T","4,400.00","4,400.00","","","4,400.00","00000000",""
"GT-BRWZ-LQ","uEyLbh","yCq","201008T","14.00","14.00","","","14.00","2020/10/08",""
"GT-BRWZ-LQ","uEyLbh","yCq","90313T","1.18","3.95","","2.77","1.18","2019/03/13",""
"G-TEA","sd`","q","TEA-DH-076","8,000.00","8,000.00","","","8,000.00","2013/09/13",""
"GT-EC6185(40PEA)","EC 6185(40P EA)","yCq","90924T","19.10","19.10","","","19.10","2019/09/24",""
"GT-EHPB-SOL","EHPB sol(anon)","q","201105","9,970.40","24,400.00","","2,673.72","21,726.28","2020/11/03",""
"GT-EHPB-SOL","EHPB sol(anon)","q","201217","35,600.00","35,600.00","","","35,600.00","2020/12/15",""
"G-TIN-123","s PQR","yCq","RC82060001","475.88","732.00","","187.00","545.00","2019/02/08",""
"G-TIN-479","s SVX","yCq","0015502728","364.66","585.00","","82.00","503.00","2019/02/08",""
"GT-MARUGEN-TH","ی@pVi[","q","201204","532.00","532.00","","","532.00","2020/12/02",""
"GT-MARUGEN-TH","ی@pVi[","q","210108","750.00","","750.00","","750.00","2021/01/08",""
"GT-MARUGEN-TH","ی@pVi[","q","210209","750.00","","","","","2021/02/09",""
"GT-MARUGEN-TH","ی@pVi[","yCq","201215T","555.00","1,020.00","","465.00","555.00","2020/12/15",""
"GT-MARUGEN-TH","ی@pVi[","yCq","210212T","1,500.00","","","","","2021/02/12",""
"GT-MEK-BE4Z","t@adSy","yCq","200215T","10,700.00","13,900.00","","3,200.00","10,700.00","2020/02/15",""
"GT-MEK-BLKZ","t@akjy","yCq","200918T","380.00","3,180.00","","2,320.00","860.00","2020/09/18",""
"GT-MEK-BLKZ","t@akjy","yCq","201104T","11,100.00","14,100.00","","3,000.00","11,100.00","2020/11/04",""
"GT-MEK-BLKZ","t@akjy","yCq","210113T","14,100.00","","14,100.00","","14,100.00","2021/01/13",""
"GT-MEK-BLU2680Z","tu[","yCq","210201T","14,100.00","","","","","2021/02/02",""
"GT-MEK-BLU2680Z","tu[","yCq","80830T","5,660.00","6,600.00","","940.00","5,660.00","00000000",""
"GT-MEK-BRWZ","t@aqvy","yCq","200520T","4,245.00","7,900.00","","1,855.00","6,045.00","2020/05/20",""
"GT-MEK-BRWZ","t@aqvy","yCq","210113T","14,100.00","","14,100.00","","14,100.00","2021/01/13",""
"GT-MEK-ORAZ","t@nq`y","yCq","200803T","2,520.00","29,400.00","","21,600.00","7,800.00","2020/08/03",""
"GT-MEK-ORAZ","t@nq`y","yCq","200918T","144,060.00","150,000.00","","","150,000.00","2020/09/18",""
"GT-MEK-ORAZ","t@nq`y","yCq","210120T","8,000.00","","13,000.00","","13,000.00","2021/01/20",""
"GT-MEK-ORAZ","t@nq`y","yCq","210202T","150,000.00","","","","","2021/02/02",""
"GT-MEK-REDZ","t@qdcy","yCq","200520T","8,800.00","12,650.00","","3,750.00","8,900.00","2020/05/20",""
"GT-MEK-REDZ","t@qdcy","yCq","210202T","14,100.00","","","","","2021/02/02",""
"GT-MEK-RHS","qgrCG[","yCq","201008T","32,300.00","42,300.00","","7,500.00","34,800.00","2020/10/08",""
"GT-MEK-RHS","qgrCG[","yCq","210107T","14,100.00","","70,500.00","56,400.00","14,100.00","2021/01/07",""
"GT-MEK-YELZ","t@xdky","yCq","200914T","11,410.00","91,250.00","","53,250.00","38,000.00","2020/09/14",""
"GT-MEK-YELZ","t@xdky","yCq","201013T","154,000.00","154,000.00","","","154,000.00","2020/10/13",""
"GT-MEK-YELZ","t@xdky","yCq","21010780T","140,000.00","","430,050.00","290,050.00","140,000.00","2021/01/07",""
"GT-MEK-YELZ","t@xdky","yCq","210107T","1,500.00","","","-1,500.00","1,500.00","00000000",""
"GT-MOH-PNK","tsN","yCq","200601T","7,990.00","9,600.00","","1,610.00","7,990.00","2020/06/01",""
"G-TMP","g`[vp","q","200201665","4.35","10.20","","","10.20","2020/09/01",""
"GT-N-695SOL(PL-Y10U)","m|UXTSOL(ok|xPOtj","q","201207","32.90","32.90","","","32.90","2020/12/07",""
"G-TOL","gG","{Бq","","1.00","1.00","","","1.00","2016/01/31",""
"G-TOL","gG","q","20201221D1","1,008.56","","680.00","75.00","605.00","2021/02/09",""
"G-TOL","gG","yCq","20201105D1","9.14","732.00","","562.00","170.00","2020/12/02",""
"G-TOL","gG","yCq","20201221D1","1.69","","2,720.00","1,265.00","1,455.00","2021/01/12",""
"G-TOL","gG","yCq","20210120D1","1,831.40","","","","","2021/02/10",""
"G-TOL","gG","yCq","20210208C7","340.00","","","","","2021/02/10",""
"G-TP-2000","so|QOOO","q","0602741","178.00","228.00","","50.00","178.00","2020/06/11",""
"G-TP-2000","so|QOOO","q","0Z22741","540.00","1,620.00","","1,080.00","540.00","2020/12/25",""
"G-TP-2000","so|QOOO","yCq","0602741","180.00","439.00","","259.00","180.00","2020/12/03",""
"G-TP-2000","so|QOOO","yCq","0Z22741","766.16","","1,080.00","109.00","971.00","2021/01/05",""
"G-TPA-330","j`x`q`cn@so`RRO","q","511001","30.00","30.00","","","30.00","2017/01/10",""
"GT-QTN1325-SOL","psm|PRQTrnk","q","C-002","290.00","290.00","","","290.00","2020/04/20",""
"GT-QTN1325-SOL","psm|PRQTrnk","yCq","A-006","53.90","54.40","","0.50","53.90","2020/08/17",""
"GT-QTN1325-SOL(1000)","QTN-1325sol(#1000)","q","C-005","384.91","390.00","","","390.00","2020/12/21",""
"G-TR-1/8NC","sq P^Wmb","q","201908690","4.48","9.40","","4.92","4.48","2020/11/27",""
"G-TRPN","^[y","q","201119T20L19","492.00","","632.80","140.80","492.00","2021/01/07",""
"G-TRPN","^[y","yCq","T20K28","122.50","316.00","","156.00","160.00","2020/12/08",""
"G-TRPN","^[y","yCq","T20L19","1.50","","632.80","452.80","180.00","2021/01/14",""
"G-TRPN","^[y","yCq","T20M21","949.20","","","","","2021/02/02",""
"G-TRPN","^[y","yCq","T21A21","316.40","","","","","2021/02/02",""
"GT-RT186-T","RT-186į","yCq","90627T","47.00","47.00","","","47.00","2019/06/26",""
"G-TS-1/4NC","sr|P^Smb","yCq","202003011","330.00","283.00","300.00","253.00","330.00","2021/01/15",""
"G-TSF-400","sre|SOO","q","15GJPA012","14.65","50.00","","35.35","14.65","2015/12/11",""
"G-TSF-400","sre|SOO","q","15NJPA013","6,000.00","6,000.00","","","6,000.00","2016/01/07",""
"G-TSF-4446","sre|SSSU","q","19CJPA045","163.40","1,270.00","","1,016.74","253.26","2019/06/26",""
"G-TSF-4446","sre|SSSU","q","20DJPA046","2,000.00","2,000.00","","","2,000.00","2020/12/24",""
"G-TSF-4446","sre|SSSU","yCq","20DJPA046","4,955.73","5,717.00","","353.00","5,364.00","2020/11/12",""
"GTS-KD-CL","KD԰@GTS","yCq","20110552T","219.00","233.30","","14.30","219.00","2020/11/09",""
"G-TSL-8350","srk|WRTO","q","18NJPA076","17,500.00","18,000.00","","500.00","17,500.00","2019/06/04",""
"GTS-ST32NPAK-T","ST-32NPAį GTS","yCq","20083152T","85.30","155.50","","70.20","85.30","2020/09/02",""
"GT-ST32NPA-T","GT@ST-32NPA","yCq","20040252T","309.20","309.20","","","309.20","2020/04/02",""
"GTS-UT210N-T","UT-210Nį߁@GTS","yCq","20090351T","2.60","282.79","","209.99","72.80","2020/09/07",""
"GTS-UT210N-T","UT-210Nį߁@GTS","yCq","20111652T","890.90","1,190.90","","150.00","1,040.90","2020/11/20",""
"GTS-UVT06-T","UVT-06į߁@GTS","yCq","20121551T","54.81","205.30","","29.30","176.00","2020/12/18",""
"GTS-UVT06-T","UVT-06į߁@GTS","yCq","21020252T","463.10","","","","","2021/02/08",""
"GT-TSF4446(50PEA)","sreSSSUiTOo|G`j","yCq","200903T","256.34","403.19","","133.19","270.00","2020/09/03",""
"GT-TSF4446(50PTOL)","sreSSSU(TOPsnkj","q","210112","1,785.60","","2,000.00","100.00","1,900.00","2021/01/07",""
"GT-TSF4446(50PTOL)","sreSSSU(TOPsnkj","yCq","201111T","850.00","1,554.00","","704.00","850.00","2020/11/11",""
"GT-UR800-TH","گ800Ű","q","201204","28.80","28.80","","","28.80","2020/12/02",""
"GT-URP-KAMA","Ebgoオ","q","201119","0.20","25.80","","14.50","11.30","2020/11/18",""
"GT-URP-KAMA","Ebgoオ","q","201221","18.60","78.90","","","78.90","2020/12/21",""
"GT-URP-KAMA","Ebgoオ","q","210211","80.85","","","","","2021/02/11",""
"GT-UV-3200B-SOL","tu|RQOOa|rnk","yCq","200514T","1.30","1.30","","","1.30","2020/05/14",""
"GT-UV-7600B-SOL","tu|VUOOa|rnk","yCq","200515T","15.00","15.00","","","15.00","2020/05/15",""
"GT-V-120SOL","u|PQOSOL","q","210113","81.60","","95.90","14.30","81.60","2021/01/12",""
"GT-V-5500-80BA","V-5500-80BA","yCq","90206T","9.00","13.50","","","13.50","2019/02/06",""
"GT-V-5500-80X","u|TTOO|WOw","q","90418T","14.70","14.70","","","14.70","2020/04/02",""
"GT-V-5500-80X","u|TTOO|WOw","yCq","200321T","107.40","370.00","","141.00","229.00","2020/03/20",""
"GT-V-5500-80X","u|TTOO|WOw","yCq","210204T","968.00","","","","","2021/02/04",""
"G-ULACOL","ï ULACOL","yCq","X-0102","7.00","7.00","","","7.00","2020/10/05",""
"G-UN-18L-FRYL","Cm@}[N18k UN[","q","","402.00","516.00","180.00","445.00","251.00","2021/02/12",""
"G-UN-18L-FRYL","Cm@}[N18k UN[","yCq","","439.00","144.00","360.00","394.00","110.00","2021/02/15",""
"G-UN-18L-HV","18L UNnCubh","yCq","","3.00","3.00","","","3.00","2018/05/09",""
"G-UN-18L-RYL","߰18L seSOtm}[N","q","","421.00","362.00","390.00","562.00","190.00","2021/02/12",""
"G-UN-18L-RYL","߰18L seSOtm}[N","yCq","","810.00","253.00","960.00","615.00","598.00","2021/02/15",""
"G-UN-1L-RYL","118~63~H180 1Lun(1L UN۰)","Zpۑq","","40.00","40.00","","","40.00","2019/06/27",""
"G-UN-1L-RYL","118~63~H180 1Lun(1L UN۰)","yCq","","40.00","40.00","","","40.00","2019/06/27",""
"G-UN-6L-POL","6L؊pKN-446ڰUN","q","","3.00","3.00","","","3.00","2018/05/09",""
"G-UN-901T","A[gWtm|XOPs","q","050143","16.60","16.60","","","16.60","2013/08/20",""
"G-UN-901T","A[gWtm|XOPs","Zpۑq","170118","17.00","17.00","","","17.00","2019/03/28",""
"G-UN-N-18L-RYL","߰18L seʂSOtm}[N","q","","191.00","131.00","","1.00","130.00","2021/02/12",""
"G-UN-N-18L-RYL","߰18L seʂSOtm}[N","yCq","","572.00","235.00","240.00","213.00","262.00","2021/02/15",""
"G-UN-PL","odQOktmqh","q","","13.00","13.00","","","13.00","2020/04/03",""
"G-UN-PL","odQOktmqh","yCq","","289.00","261.00","","27.00","234.00","2021/02/04",""
"G-UN-PL-B","QOktmqh()","yCq","","8.00","253.00","","","253.00","2020/11/26",""
"G-UO-10","tn|PO","q","0910141","701.08","582.00","340.00","221.00","701.00","2021/02/01",""
"G-UO-3","tn|R","q","0X14141","4.40","540.00","","322.00","218.00","2020/11/30",""
"G-UO-3","tn|R","q","0Y20141","375.25","","","","","2021/02/01",""
"G-UO-X","tn|w","q","8713151","36.01","426.00","","206.00","220.00","2019/12/02",""
"G-UV-3520EA","UV-3520EA","yCq","21251","53.70","53.40","","-0.30","53.70","2020/12/22",""
"G-V-4018","V-4018","yCq","D0N36708","165.62","206.00","","","206.00","2020/12/01",""
"G-V-5500","u|TTOO","Zpۑq","C239","18.00","18.00","","","18.00","2018/06/18",""
"G-V-5500","u|TTOO","yCq","D0834766","20.20","","","","","2021/02/01",""
"G-V-5510","u|TTPO","q","C133","10.70","10.70","","","10.70","2018/02/14",""
"G-V-5510","u|TTPO","yCq","D0431830","19.29","22.41","18.00","13.73","26.68","2021/02/04",""
"G-VH111MAG-3","mro|ugPPPl`fdms`iRjf","yCq","22286","0.33","0.73","","0.40","0.33","2020/10/29",""
"G-VH111MAG-3","mro|ugPPPl`fdms`iRjf","yCq","26451","3.00","","3.00","","3.00","2021/01/21",""
"G-VH201ORA-3","mro|ugQOPnq`mfdiRjfj","yCq","01991","1.50","1.50","","","1.50","2020/03/10",""
"G-VH680BLU-3","mro|ugUWOaktdiRjfj","yCq","26450","3.00","","3.00","","3.00","2021/01/21",""
"G-VH805BLK-15","mro|ugWOTak`bjiPTjfj","yCq","66158","6.90","6.90","","","6.90","2017/12/26",""
"G-W-700","v|VOO","yCq","D090U04T","115.00","178.00","","63.00","115.00","2020/10/29",""
"G-WFU-580","ANfBbN vet|TWO","q","D0D38114","9.10","","17.00","7.90","9.10","2021/01/13",""
"G-WHB-107","vga|POV","Zpۑq","","8.00","8.00","","","8.00","2010/10/01",""
"G-WLS-373","vkr|RVR","yCq","D9026066","2.66","4.72","","2.06","2.66","2019/12/03",""
"G-WML-350","WML-350","q","D0330504","1.40","1.40","","","1.40","2020/07/13",""
"G-WNL-379","vmk|RVX","q","D0532408","25.00","25.00","","","25.00","2020/07/30",""
"G-WNL-379","vmk|RVX","yCq","D0532408","9.70","8.50","","-1.20","9.70","2020/07/09",""
"G-WPL-304","vok|ROS","q","L0721805","17.00","17.00","","","17.00","2020/12/10",""
"G-WPL-304","vok|ROS","q","S111","6.00","6.00","","","6.00","2016/09/29",""
"G-WXU-880","vwt|WWO","q","L0922642","40.49","127.00","","30.00","97.00","2020/10/13",""
"G-WXU-880","vwt|WWO","q","L0D24183","190.00","","190.00","","190.00","2021/01/14",""
"G-WXU-880","vwt|WWO","yCq","L0621335","56.00","56.00","","","56.00","2020/11/25",""
"G-WXU-880","vwt|WWO","yCq","L0D24183","190.00","190.00","","","190.00","2020/12/11",""
"G-WXU-880BA","vwt|WWOa`","yCq","D0N37446","9.35","","","","","2021/02/05",""
"G-WXU-880BA","vwt|WWOa`","yCq","D8D16217","0.21","4.80","","","4.80","2019/02/07",""
"G-X-483","eswSWR","q","B36402","44.00","44.00","","","44.00","2020/06/29",""
"G-X-483","eswSWR","q","J36457","180.00","180.00","","","180.00","2020/12/10",""
"G-X-483","eswSWR","yCq","A36479","2,598.22","","5,220.00","1,587.00","3,633.00","2021/01/25",""
"G-XK-5166","XK-5166","q","5Z03151","68.30","68.30","","","68.30","2020/10/08",""
"G-XK-6006","XK-6006","q","9Y11151","282.00","91.00","","","91.00","2021/02/01",""
"G-XK-9195K3","wj|XPXTR","Zpۑq","8403561","15.00","15.00","","","15.00","2018/05/16",""
"G-XK-9195K3","wj|XPXTR","Zpۑq","8406561","15.00","15.00","","","15.00","2018/05/16",""
"G-XK-9195K3","wj|XPXTR","Zpۑq","8406562","11.50","11.50","","","11.50","2018/05/16",""
"G-XOL","LV","q","","1,892.55","2,523.00","2,880.00","4,255.00","1,148.00","2021/02/10",""
"G-XOL","LV","yCq","","8,025.00","3,609.00","10,570.00","2,569.00","11,610.00","2021/01/13",""
"G-YEL-4110Z","u`qhnrnk@xdkknvSPPOy","q","LA02061","50.00","50.00","","","50.00","2018/08/03",""
"G-YEL-4110Z","u`qhnrnk@xdkknvSPPOy","yCq","NA00551","93,500.00","45,000.00","75,000.00","26,500.00","93,500.00","2021/01/19",""
"G-YEL-RHS","CG[qgr","yCq","0040109","0.36","20.40","","14.40","6.00","2020/08/06",""
"G-YEL-RHS","CG[qgr","yCq","0090110","15.00","15.00","","","15.00","2020/10/05",""
"G-YEL-RHS","CG[qgr","yCq","0110111","30.00","","30.00","","30.00","2021/01/19",""
"G-Z4470","fXW[ySSVO","q","LLT1924007","90.00","193.00","","103.00","90.00","2020/12/15",""
"G-Z4470","fXW[ySSVO","q","LLT1924020","215.00","","215.00","","215.00","2021/01/18",""
"G-Z-800","y|WOO","q","","1,000.00","1,000.00","","","1,000.00","2020/04/20",""
"S0-GUN-A","KN[i[` (16gj","yCq",",012107","20.00","","20.00","","20.00","2021/01/12",""
"S0-GUN-A","KN[i[` (16gj","yCq","022013","15.00","20.00","","5.00","15.00","2020/12/07",""
"S0-GUN-A","KN[i[` (16gj","q",",022108","80.00","","","","","2021/02/09",""
"S0-GUN-A","KN[i[` (16gj","q","212100","5.00","","80.00","3.00","77.00","2021/01/21",""
"S0-GUN-EX","KN[i[dwi16gj","q","212107","18.00","","20.00","","20.00","2021/01/28",""
"S0-GUN-EX-2","KN[i[dw@moQ","q","212107","37.00","","60.00","","60.00","2021/01/28",""
"S0-NAKASEN","Agʗp|","yCq","","2,000.00","2,000.00","","","2,000.00","2009/06/17",""
"S0-NAKASEN-K","Agʗp|","q","","1,040.00","1,040.00","","","1,040.00","2015/12/22",""
"S0-ZYUSI-CLN","pN[i[ (16gj","q","112017","3.00","3.00","","","3.00","2020/12/21",""
"S10-E-C","GR[b  (18gj","{Бq","20101201H","4.00","15.00","","11.00","4.00","2020/10/07",""
"S10-E-C","GR[b  (18gj","{Бq","21011807H","13.00","","13.00","","13.00","2021/01/18",""
"S10-FA341-15","e`|RSP܁@iPTjfj","{Бq","21020214H","3.00","","","","","2021/02/02",""
"S10-P3","o|RvC}[ (15KG)","q","20071331H","1.00","3.00","","1.00","2.00","2020/07/17",""
"S10-TYL-EX","sx|k (UN/20KG)",""," ","","","","","","","1.00"
"S11-KHT2-T-R-EX","jgs|Q() gbv (UN/15KG)",""," ","","","","","","","1.00"
"S11-KHU3K3A-U","jgt|RiRj`t (15Kg)",""," ","","","","","","","6.00"
"S11-KHU3K3A-U-R-EX-G","jgt|RiRj`t (UN/15KG)",""," ","","","","","","","62.00"
"S11-KHU3K3B-U-EX","jgt|RiRjat (UN/19KG)",""," ","","","","","","","1.00"
"S11-KHU3K3B-U-EX-GZK","jgt|RiRjat  (UN/19KG)",""," ","","","","","","","24.00"
"S11-PSY50URCA-U-R-EX","or|xTOtq|bg ` (UN/15KG)","yCsǑq","20092501H","8.00","8.00","","","8.00","2020/10/20",""
"S11-PT04S-T-R-EX","os|OSgbv (UN/15KG)","yCiǑq","21021552T","20.00","","","","","2021/02/15","20.00"
"S15-ST32BOR-7","rs|RQuYV (15KG)","yCq","21021580T","1.00","","","","","2021/02/15","1.00"
"S15-ST32BRW-147","rs|RQuEPSV@(15KG)","yCq","20121050T","3.00","3.00","","","3.00","2020/12/10",""
"S15-ST32BRW-49TK","rs|RQuESX (15KG)","q","21011380T","3.00","","3.00","","3.00","2021/01/18",""
"S15-ST32CHR","rs|RQN[ (15KG)","q","20120780T","3.00","","3.00","","3.00","2021/01/12",""
"S15-ST32G-10DR","rs|RQFZFPO (15KG)","yCq","21020880T","30.00","","","","","2021/02/08",""
"S15-ST32G-10DR","rs|RQFZFPO (15KG)","q","20122180T","10.00","","28.00","11.00","17.00","2021/01/08",""
"S15-ST32G-21","rs|RQFQP (15KG)","q","21011380T","3.00","","3.00","","3.00","2021/01/18",""
"S15-ST32G-8","rs|RQFW (15KG)","q","20120780T","4.00","10.00","","2.00","8.00","2020/12/09",""
"S15-ST32G-8TK","rs|RQFW (15KG)","q","20120980T","3.00","","3.00","","3.00","2021/01/12",""
"S15-ST32G-G5","rs|RQFf|T (15KG)","yCq","21021180T","10.00","","","","","2021/02/10",""
"S15-ST32G-G5","rs|RQFf|T (15KG)","q","21010780T","7.00","","10.00","","10.00","2021/01/12",""
"S15-ST32G-T5","rs|RQFs|T (15KG)","yCq","20101950T","1.00","14.00","","8.00","6.00","2020/10/19",""
"S15-ST32G-T5","rs|RQFs|T (15KG)","yCq","21010750T","20.00","","20.00","","20.00","2021/01/07",""
"S15-ST32G-Y360","rs|RQFx|RUO (15KG)","yCq","21021580T","3.00","","","","","2021/02/15","3.00"
"S15-UT210NG-N69","ts|QPOmFm|UX (15kg)","q","21020280T","5.00","","","","","2021/02/04",""
"S1-AS5-CL","`r|TmoN[ (15KG)","q","20112631H","5.00","5.00","","","5.00","2020/12/02",""
"S1-AS5-CL","`r|TmoN[ (15KG)","q","20121131H","20.00","10.00","10.00","","20.00","2021/01/14",""
"S1-AS5TK-U","`r|TmoA_[ (15KG)","{Бq","21020805H","11.00","","","","","2021/02/11",""
"S1-AS7TK-U","`r|VmoA_[ (15KG)","q","20102932H","1.00","5.00","","2.00","3.00","2020/11/05",""
"S1-AS7TK-U","`r|VmoA_[ (15KG)","q","21020831H","7.00","","","","","2021/02/10",""
"S1-AS87N-U","`r|WVmoA_[@(18gj","yCq","21020931H","60.00","","","","","2021/02/11",""
"S1-AS87N-U","`r|WVmoA_[@(18gj","q","20111831H","15.00","17.00","30.00","18.00","29.00","2021/01/13",""
"S1-FPA3K2-U","eo`|R()QA_[ (18g)","yCq","21011301H","60.00","","60.00","","60.00","2021/01/19",""
"S1-FPA3K2-U","eo`|R()QA_[ (18g)","yCq","21012104H","60.00","","60.00","","60.00","2021/01/25",""
"S1-K150N-U","j|PTOmoA_[ (18gj","yCq","21012101H","33.00","","40.00","","40.00","2021/01/22",""
"S1-K150N-U","j|PTOmoA_[ (18gj","yCq","21020231H","60.00","","","","","2021/02/05",""
"S1-K150N-U","j|PTOmoA_[ (18gj","q","20111231H","4.00","60.00","","32.00","28.00","2020/12/02",""
"S1-K150N-U","j|PTOmoA_[ (18gj","q","20120131H","60.00","","60.00","","60.00","2021/01/13",""
"S1-K164N-U","j|PUSmoA_[(15KG)","yCq","21020802H","7.00","","","","","2021/02/12",""
"S1-K164N-U","j|PUSmoA_[(15KG)","q","21020832H","7.00","","","","","2021/02/10",""
"S1-PC2000-U","ob|QOOOA_[ (15KG)","yCq","21012154T","5.00","","5.00","","5.00","2021/01/25",""
"S1-PC2000-U","ob|QOOOA_[ (15KG)","q","20120281T","2.00","5.00","","3.00","2.00","2020/12/09",""
"S1-PCS3000-U","obr|ROOOA_[ (15KG)","q","20101482T","4.00","4.00","","","4.00","2020/10/21",""
"S1-PP33-U","oo|RRmoA_[@(15KG)","{Бq","21021509H","30.00","","","","","2021/02/15",""
"S1-PP33-U","oo|RRmoA_[@(15KG)","yCq","21010701H","4.00","","20.00","8.00","12.00","2021/01/15",""
"S1-PP44-U","oo|SSmoA_[ (15KG)","yCq","20072801H","2.00","5.00","","3.00","2.00","2020/08/05",""
"S1-PP44-U","oo|SSmoA_[ (15KG)","yCq","21012604H","10.00","","10.00","","10.00","2021/01/29",""
"S1-X80N-U","w|WOmoA_[(15KG)","yCq","21010631H","5.00","","5.00","","5.00","2021/01/15",""
"S1-X80N-U","w|WOmoA_[(15KG)","q","21010631H","1.00","","10.00","2.00","8.00","2021/01/19",""
"S1-X80N-U","w|WOmoA_[(15KG)","q","21012831H","20.00","","","","","2021/02/05",""
"S2-SENRY-14-ORA","t@IW (14KG)","yCq","21012080T","20.00","","20.00","","20.00","2021/01/20",""
"S2-SENRY-14-ORA","t@IW (14KG)","q","20121780T","1.00","","5.00","","5.00","2021/01/14",""
"S2-SENRY-14-ORA","t@IW (14KG)","q","21011280T","6.00","","6.00","","6.00","2021/01/18",""
"S2-SENRY-14-YEL","t@CG[ (14KG)","q","21010780T","4.00","","6.00","","6.00","2021/01/14",""
"S2-SENRY-14-YEL","t@CG[ (14KG)","q","21011380T","10.00","","10.00","","10.00","2021/01/18",""
"S2-SENRY-3-ORA","tIW (3KG)","yCq","20111880T","1.00","1.00","","","1.00","2020/11/17",""
"S2-SENRY-3-ORA","tIW (3KG)","q","20111880T","5.00","8.00","","1.00","7.00","2020/12/02",""
"S2-SENRY-3-YEL","tCG[ (3KG)","yCq","21011880T","2.00","","10.00","","10.00","2021/01/18",""
"S2-SENRY-3-YEL","tCG[ (3KG)","q","20092480T","2.00","5.00","","2.00","3.00","2021/02/10",""
"S2-SENRY-3-YEL","tCG[ (3KG)","q","21011880T","8.00","","","","","2021/02/10",""
"S2-ST10-T","rs|POlgbv (16g)","{Бq","21020801H","3.00","","","","","2021/02/08",""
"S2-ST32-T","rs|RQgbv (15KG)","yCq","20100555T53","18.00","40.00","","13.00","27.00","2020/10/27",""
"S2-ST32-T","rs|RQgbv (15KG)","q","20100582T53","2.00","","30.00","13.00","17.00","2021/01/13",""
"S2-ST32-T","rs|RQgbv (15KG)","q","21012781T51","20.00","","","","","2021/02/15",""
"S2-UT210A-T","ts|QPO`gbv (15KG)","yCq","20112482T","30.00","40.00","","10.00","30.00","2020/11/27",""
"S2-UT210A-T","ts|QPO`gbv (15KG)","q","20112482T","12.00","9.00","10.00","5.00","14.00","2021/01/14",""
"S2-UT210N-T","ts|QPOmgbv (15KG)","yCq","20041453T52","5.00","10.00","","","10.00","2020/08/07","2.00"
"S2-UT210N-T","ts|QPOmgbv (15KG)","yCq","20111683T52","10.00","","","","","2021/02/09",""
"S2-UT210N-T","ts|QPOmgbv (15KG)","q","20111682T52","6.00","","10.00","","10.00","2021/01/25",""
"S3-BP130-U-R-EX","ao|PRO (UN/13KG)","yCq","21021051T","150.00","","","","","2021/02/12","300.00"
"S3-BP50-U","ao|TOA_[ (15KG)","yCq","21012951T","17.00","","","","","2021/02/02",""
"S3-FG3000-U","ef|ROOOA_[ (15KG)","yCq","20120753T","5.00","45.00","","25.00","20.00","2020/12/09","25.00"
"S3-KT3A-U-R-EX","js|R@`t (UN/15KG)",""," ","","","","","","","1.00"
"S3-N404K2-U","m|SOSiQjA_[ (15KG)","yCq","21020501H","40.00","","","","","2021/02/09","40.00"
"S3-N404K2-U-R-EX","m|SOSjQA_[ (UN/15KG)",""," ","","","","","","","32.00"
"S3-N404K3-U-R-EX","m|SOSjR (UN/15KG)",""," ","","","","","","","4.00"
"S3-STH350M-U","rsg|RTOlA_[ (15KG)","{Бq","21010801H","6.00","","6.00","","6.00","2021/01/15",""
"S3-STR120-U-R-EX","rsq|PQO (UN/15KG)","iǗq","21021503H","40.00","","","","","2021/02/11","70.00"
"S4-AASA-U-R-EX","``rP `t (UN/15KG)","{Бq","21021002H","16.00","","","","","2021/02/12",""
"S4-AASA-U-R-EX-THI","``rP `t (UN/15KG)",""," ","","","","","","","16.00"
"S4-AASB-U-R-EX","``rP at (UN/15KG)","iǗq","21021102H","8.00","","","","","2021/02/10",""
"S4-AASB-U-R-EX-THI","``rP at (UN/15KG)",""," ","","","","","","","8.00"
"S4-BS421ABLK-4-U","ar|SQP`|akj (4KG)","yCq","21020152T","10.00","","","","","2021/02/08","3.00"
"S4-BS421A-U","ar|SQP `t (15KG)","yCq","20120952T","37.00","50.00","","3.00","47.00","2020/12/11","2.00"
"S4-BS421A-U","ar|SQP `t (15KG)","q","20120952T","1.00","","","","","2021/02/10",""
"S4-BS421B-4-U","ar|SQP at (4KG)","yCq","20110503H","16.00","17.00","","1.00","16.00","2020/11/26",""
"S4-BS421B-U","ar|SQP at (15KG)","yCq","20110502H","2.00","11.00","","2.00","9.00","2020/11/11",""
"S4-BS421B-U","ar|SQP at (15KG)","yCq","20120801H","29.00","30.00","","","30.00","2020/12/10",""
"S4-BS421B-U","ar|SQP at (15KG)","yCq","20121701H","30.00","30.00","","","30.00","2020/12/22",""
"S4-BS421B-U","ar|SQP at (15KG)","q","20120801H","1.00","","","","","2021/02/10",""
"S4-BS421B-U-R-EX","ar|SQP a (UN/15KG)","{Бq","20121709H01","1.00","","","","","2021/02/08",""
"S4-K560A-U-R-EX","j|TUO` (UN/15KG)","{Бq","21012706H","3.00","","5.00","","5.00","2021/02/11","5.00"
"S4-K560B-U-R-EX","j|TUO a (UN/15KG)","iǗq","21021001H","4.00","","","","","2021/02/09","3.00"
"S4-K706CLA-U-R-EX-T","j|VOUbk `t (UN/14KG)",""," ","","","","","","","1.00"
"S4-K706CLB-U-EX","j|VOUbk at (UN/17KG)","yCq","21020905H","1.00","","","","","2021/02/12",""
"S4-K706CLB-U-EX-THI","j|VOUbk at (UN/17KG)",""," ","","","","","","","1.00"
"S4-K706CLKB-U-EX","j|VOUbk() at (UN/17KG)","yCq","21020904H","1.00","","","","","2021/02/12","1.00"
"S4-PP553-3A-U","oo|TTR (3) `t@(14KG)","yCq","20102851T","3.00","5.00","","","5.00","2020/11/03",""
"S4-PP553-3A-U","oo|TTR (3) `t@(14KG)","yCq","20122351T","2.00","","2.00","","2.00","2021/01/06",""
"S4-PP553-3B-U","oo|TTR (3) at (14KG)","yCq","20110903H","1.00","3.00","","1.00","2.00","2020/11/12",""
"S4-PP553-3C-U","oo|TTR (3) bt (15KG)","yCq","20092952T","1.00","2.00","","1.00","1.00","2020/10/06",""
"S4-PP653A-U-R-EX","oo|UTR ` (UN/14KG)",""," ","","","","","","","17.00"
"S4-PP653B-U-R-EX","oo|UTR a (UN/14KG)",""," ","","","","","","","9.00"
"S4-PP653C-U-R-EX","oo|UTR b (UN/15KG)",""," ","","","","","","","6.00"
"S4-PPR82-3B-U","ooq|WQiRj at (15KG)","iǗq","21021204H","1.00","","","","","2021/02/10","1.00"
"S4-SR001A-U-R-EX","rq|OOP ` (UN/15KG)","{Бq","21020205H","1.00","","","","","2021/02/09","1.00"
"S4-SR001A-U-R-EX-I","rq|OOP ` (UN/15KG)",""," ","","","","","","","8.00"
"S4-SR001B-U-R-EX","rq|OOP a (UN/15KG)","{Бq","21020302H","1.00","","","","","2021/02/09","1.00"
"S4-SR001B-U-R-EX-I","rq|OOP a (UN/15KG)",""," ","","","","","","","8.00"
"S4-SU100A-U-R-EX","rt|POO `t (UN/15KG)",""," ","","","","","","","1.00"
"S4-SU100B-U-R-EX","rt|POO at (UN/15KG)",""," ","","","","","","","1.00"
"S4-SU100HA2-U-R-EX","rt|POOgmu `Qt (UN/15KG)",""," ","","","","","","","100.00"
"S4-SU100HA2-U-R-EX-I","rt|POOgmu `Qt (UN/15KG)",""," ","","","","","","","86.00"
"S4-SU100HB-U-R-EX","rt|POOgmu at (UN/15KG)","iǗq","21021201H","53.00","","","","","2021/02/12","53.00"
"S4-SU100HB-U-R-EX-I","rt|POOgmu at (UN/15KG)",""," ","","","","","","","100.00"
"S4-SU930A-1-U","rt|XRO `t (1KG)",""," ","","","","","","","15.00"
"S4-SU930A-U","rt|XRO `t (15KG)","iǗq","21021506H","1.00","","","","","2021/02/11",""
"S4-SU930A-U-R-EX","rt|XRO `t (UN/15KG)","iǗq","21021505H","2.00","","","","","2021/02/11","2.00"
"S4-SU930B-1-U","rt|XRO at (1KG)",""," ","","","","","","","15.00"
"S4-SU930B-U","rt|XRO at (15KG)","iǗq","21021508H","1.00","","","","","2021/02/11",""
"S4-SU930B-U-R-EX","rt|XRO at (UN/15KG)","iǗq","21021507H","2.00","","","","","2021/02/11","2.00"
"S4-UR800A-U","EbgWOO `t (16KG)","yCq","20121503H","4.00","7.00","","2.00","5.00","2020/12/17",""
"S4-UR800B-U","EbgWOO at (16KG)","yCq","20121405H","5.00","7.00","","1.00","6.00","2020/12/17",""
"S4-URPA-U-R-EX","Ebgo `t (UN/15KG)","{Бq","21011803H","4.00","","5.00","1.00","4.00","2021/01/19","10.00"
"S4-URPA-U-R-EX","Ebgo `t (UN/15KG)","iǗq","21021202H","15.00","","","","","2021/02/10",""
"S4-URPB-U-R-EX","Ebgo at (UN/15KG)","{Бq","21011405H","2.00","","3.00","1.00","2.00","2021/01/19","3.00"
"S5-593P-T-R-EX-THI","TXRvp[ (UN/15KG)",""," ","","","","","","","1.00"
"S5-RT130-T","qs|PRO gbv (14KG)","q","20111681T","6.00","11.00","","","11.00","2020/11/30",""
"S5-RT160HNV-1-T","qs|PUOgmugbv@i1KGj",""," ","","","","","","","14.00"
"S5-RT160HNV-T","qs|PUOgmugbv (14KG)","yCq","20091851T","7.00","19.00","","10.00","9.00","2020/09/24",""
"S5-RT160HNV-T","qs|PUOgmugbv (14KG)","yCiǑq","21021151T","30.00","","","","","2021/02/11",""
"S5-RT240RBLU3-T-R-EX","qs|QSOq BLUE TOP3 (UN/14KG)",""," ","","","","","","","2.00"
"S5-RT240R-T","qs|QSOq gbv (14KG)","yCq","20091481T","1.00","2.00","","1.00","1.00","2020/09/17",""
"S5-RT240R-T","qs|QSOq gbv (14KG)","yCq","20111881T","10.00","10.00","","","10.00","2020/11/24",""
"S5-RT240R-T-R-EX","qs|QSOq (UN/14KG)",""," ","","","","","","","190.00"
"S5-RT320-T-R-EX","qs|RQO (UN/14KG)",""," ","","","","","","","35.00"
"S5-RT320-T-R-EX-I","qs|RQO (UN/14KG)",""," ","","","","","","","110.00"
"S5-RT35M-T","qs|RTl gbv (16KG)","{Бq","21011902H","13.00","","20.00","2.00","18.00","2021/01/21",""
"S5-RT45-T","qs|ST gbv (14KG)","yCq","20120153T","11.00","89.00","","38.00","51.00","2020/12/03","35.00"
"S5-RT45-T","qs|ST gbv (14KG)","q","20101951T","12.00","16.00","","2.00","14.00","2020/12/02",""
"S5-RT48-T","qs|SWgbv (14KG)","yCq","21012952T","118.00","","","","","2021/02/02",""
"S5-RT48-T","qs|SWgbv (14KG)","q","20111152T","3.00","8.00","","4.00","4.00","2020/12/02",""
"S5-RT48-T","qs|SWgbv (14KG)","q","20120451T","5.00","","5.00","","5.00","2021/01/25",""
"S6-KNB01-U","jma|OP@A_[@(15KG)","{Бq","20082501H","5.00","5.00","","","5.00","2020/08/26",""
"S6-KV38-U","ju|RWA_[ (15KG)","yCq","20121651T","1.00","50.00","","24.00","26.00","2020/12/21","5.00"
"S6-KV38-U","ju|RWA_[ (15KG)","yCq","21011853T","40.00","","40.00","","40.00","2021/01/25",""
"S6-MB20K2-U","la|QOjQ (15KG)","yCq","21011352T","22.00","","30.00","","30.00","2021/01/15","3.00"
"S6-RTS04-U","qsr|OSA_[ (15KG)","yCq","21012651T","60.00","","120.00","60.00","60.00","2021/01/28","60.00"
"S6-SV3800-1-U","ru|RWOOA_[@i1KGj",""," ","","","","","","","90.00"
"S6-SV3800A-U-R-EX","ru|RWOO ` (UN/15KG)","yCq","20111154T","67.00","","","","","2021/02/02",""
"S6-SV3800B-U-R-EX","ru|RWOO a (UN/15KG)","yCq","20111054T","67.00","","","","","2021/02/02",""
"S6-SV3800LHR-U","ru|RWOOkgqA_[ (15KG)","yCq","21010751T","48.00","","120.00","15.00","105.00","2021/01/15",""
"S6-SV3800L-U","ru|RWOOk@A_[ (15KG)","yCq","21011251T","13.00","","20.00","4.00","16.00","2021/01/15",""
"S6-SV3800-U","ru|RWOO@A_[ (15KG)","yCq","20111251T","15.00","49.00","","26.00","23.00","2020/11/17",""
"S6-SV3800-U","ru|RWOO@A_[ (15KG)","yCq","21011852T","40.00","","40.00","","40.00","2021/01/25",""
"S6-SV450036-U","ru|STOO|RU@A_[ (15KG)","yCq","21012003H","1.00","","3.00","2.00","1.00","2021/01/29",""
"S6-SV450036-U","ru|STOO|RU@A_[ (15KG)","yCq","21012903H","3.00","","3.00","","3.00","2021/01/29",""
"S6-SV450036-U","ru|STOO|RU@A_[ (15KG)","yCsǑq","20120803H","3.00","","3.00","","3.00","2021/01/20",""
"S6-UV221K3-U","tu|QQPRA_[ (15KG)","yCsǑq","20101481T","3.00","3.00","","","3.00","2020/10/19",""
"S6-UV221K3-U","tu|QQPRA_[ (15KG)","yCq","20101681T","1.00","2.00","","1.00","1.00","2020/10/19",""
"S6-UV2300L-U","tu|QROOkA_[ (15KG)","yCq","21012552T","9.00","","20.00","","20.00","2021/01/27","10.00"
"S6-UV2300L-U","tu|QROOkA_[ (15KG)","yCq","21021251T","60.00","","","","","2021/02/12",""
"S6-UV23R-U","tu|QRq A_[ (15KG)","{Бq","20122205H","2.00","5.00","","3.00","2.00","2020/12/23",""
"S6-UV23R-U","tu|QRq A_[ (15KG)","{Бq","21012901H","6.00","","","","","2021/02/02",""
"S6-UV23TNK","tu|QR Y (900G)","{Бq","20122206H","2.00","5.00","","3.00","2.00","2020/12/22",""
"S6-UV23TNK","tu|QR Y (900G)","{Бq","21012902H","6.00","","","","","2021/02/02",""
"S6-UV253-U","tu|QTR A_[ (15KG)","{Бq","20101232H","2.00","3.00","","","3.00","2020/10/15",""
"S6-UV270M-U","tu|QVOl A_[i15kgj","yCq","21011551T","124.00","","200.00","46.00","154.00","2021/01/19",""
"S6-UV270V-U","tu|QVOuA_[iPTjj","yCq","20121481T","10.00","20.00","","10.00","10.00","2020/12/17",""
"S6-UV270V-U","tu|QVOuA_[iPTjj","q","20111982T","9.00","10.00","","","10.00","2020/12/11",""
"S6-UV270V-U","tu|QVOuA_[iPTjj","q","20121481T","10.00","","10.00","","10.00","2021/01/13",""
"S6-UV305-U","tu|ROTA_[ (15KG)","yCiǑq","21021551T","120.00","","","","","2021/02/15","120.00"
"S6-UV355-U","tu|RTT@A_[ (15KG)","yCsǑq","20111281T","1.00","","1.00","","1.00","2021/01/27",""
"S6-UV361CJ-U","tu|RUPbiA_[iPTjfj","yCq","20091552T","5.00","10.00","","5.00","5.00","2020/09/16",""
"S6-UV361-U","tu|RUP@A_[ (15KG)","yCq","21011881T","5.00","","5.00","","5.00","2021/01/28",""
"S6-UV361-U","tu|RUP@A_[ (15KG)","yCq","21011881T","10.00","","20.00","5.00","15.00","2021/01/20",""
"S6-UV361-U","tu|RUP@A_[ (15KG)","q","20120754T","3.00","","","","","2021/02/04",""
"S6-UV361-U","tu|RUP@A_[ (15KG)","q","20120781T","4.00","10.00","","4.00","6.00","2020/12/10",""
"S6-UV361-U","tu|RUP@A_[ (15KG)","q","21011881T","5.00","","","","","2021/02/04",""
"S6-UV382K-T","tu|RWQijgbv (15KG)","q","20040731H","1.00","1.00","","","1.00","2020/04/13",""
"S6-UV382-T","tu|RWQ gbv (15KG)","yCq","21021153T","40.00","","","","","2021/02/15",""
"S6-UV382-T","tu|RWQ gbv (15KG)","yCq","21012081T","30.00","","30.00","","30.00","2021/01/25",""
"S6-UV382-T","tu|RWQ gbv (15KG)","q","20111781T","11.00","23.00","","6.00","17.00","2020/12/02",""
"S6-UV382TNF-T-EX","tu|RWQsme (UN/17KG)","yCq","21010552T","4.00","","23.00","17.00","6.00","2021/01/07",""
"S6-UV382V-T","tu|RWQugbviPTjfj","yCq","21012051T","9.00","","30.00","","30.00","2021/01/27","10.00"
"S6-UV382V-T","tu|RWQugbviPTjfj","yCq","21021152T","60.00","","","","","2021/02/12",""
"S6-UV435-U","tu|SRTA_[ (15KG)","q","20090381T","5.00","4.00","2.00","1.00","5.00","2021/01/27",""
"S6-UV505K2A-U-R-EX","tu|TOTjQ@` (UN/15KG)","yCiǑq","21021052T","30.00","","","","","2021/02/10","30.00"
"S6-UV505K2B-U-R-EX","tu|TOTjQ@a (UN/15KG)",""," ","","","","","","","30.00"
"S6-UV542-1-U","tu|TSQA_[@i1KGj",""," ","","","","","","","165.00"
"S6-UV542-U","tu|TSQ A_[ (15KG)","yCq","21011452T","55.00","","80.00","2.00","78.00","2021/01/21",""
"S6-UV700-U","tu|VOOA_[ (14KG)","q","21011581T","16.00","","20.00","","20.00","2021/01/27",""
"S6-UV906-U","tu|XOUA_[ (15Kg)",""," ","","","","","","","40.00"
"S6-UV9135-U","tu|XPRTA_[ (15KG)","yCq","20120481T","2.00","2.00","","","2.00","2020/12/08",""
"S6-UV9135-U","tu|XPRTA_[ (15KG)","q","20120481T","1.00","1.00","","","1.00","2020/12/09",""
"S6-UVPP3A-U","tu|oomR `t (15KG)","{Бq","20112431H","5.00","","","","","2021/02/02","7.00"
"S6-UVPP3A-U","tu|oomR `t (15KG)","ړq","20112431H","2.00","","","","","2021/02/08",""
"S6-UVPP3A-U","tu|oomR `t (15KG)","yCq","20112402H","2.00","20.00","","8.00","12.00","2020/11/30",""
"S6-UVPP3A-U","tu|oomR `t (15KG)","yCq","21012002H","30.00","","30.00","","30.00","2021/01/25",""
"S6-UVPP3A-U","tu|oomR `t (15KG)","q","20112431H","7.00","","20.00","","20.00","2021/01/13",""
"S6-UVPP3B-U","tu|oomR at (3.1KG)","{Бq","20112481T","6.00","","","","","2021/02/02","10.00"
"S6-UVPP3B-U","tu|oomR at (3.1KG)","ړq","20112481T","4.00","","","","","2021/02/08",""
"S6-UVPP3B-U","tu|oomR at (3.1KG)","yCq","21012053T","30.00","","30.00","","30.00","2021/01/25",""
"S6-UVPP3B-U","tu|oomR at (3.1KG)","q","20112481T","4.00","","20.00","","20.00","2021/01/13",""
"S6-UVPP91-U","tu|ooXPA_[ (15KG)","yCsǑq","9080582T","1.00","1.00","","","1.00","2019/10/15",""
"S6-UVT06-T","tus|OUgbv (15KG)","q","20101581T53","8.00","8.00","","","8.00","2020/12/11",""
"S6-UVT06TK3-T","tus|OU|R| (15KG)","yCq","21021081T","10.00","","","","","2021/02/15",""
"S6-UVT06TK3-T","tus|OU|R| (15KG)","q","20122181T","2.00","10.00","10.00","10.00","10.00","2021/01/13",""
"S6-UVT06TKORAK-T","tus|OUIWgbv(j(15KG","q","20110281T","1.00","1.00","","","1.00","2020/11/16",""
"S6-UVXK02-U","tuw|jOQA_[ (15KG)","yCq","20121603H","7.00","15.00","","3.00","12.00","2020/12/18",""
"S6-UVZ01F-U","tuy|OPA_[@iej (15KG)","yCq","20120452T","2.00","3.00","","1.00","2.00","2020/12/07",""
"S7-B-4-M","a^Cv˔ph (4KG)","yCiǑq","21020903H","4.00","","","","","2021/02/11","4.00"
"S7-B-M","a^Cvoo˔ph (15KG)","yCiǑq","21020902H","10.00","","","","","2021/02/11","10.00"
"S7-B-M-R-EX","oo˔pa^Cv (UN/15KG)","iǗq","21020901H","6.00","","","","","2021/02/10",""
"S7-C-M-R-EX","oo˔pb^Cv (UN/15KG)","iǗq","21021101H","5.00","","","","","2021/02/10",""
"S7-IK50-M","hj|TOi15KGj","{Бq","20102101H","1.00","7.00","","4.00","3.00","2020/10/27",""
"S7-PRAK-M","oq|`(j (15KG)","iǗq","21021203H","40.00","","","","","2021/02/12","40.00"
"S7-PRAK-M-R-EX","oq|`ij`Ij (UN/15KG)","{Бq","21020213H","10.00","","","","","2021/02/05","82.00"
"S7-PRSKA-CL-R-EX","oq|r() `t(԰j(UN/15KG)","{Бq","21020803H","2.00","","","","","2021/02/11",""
"S7-PRSKA-CL-R-EX-THI","oq|r() `t(԰j(UN/15KG)",""," ","","","","","","","2.00"
"S7-PRSKB-M-R-EX","oq|r() at(Ёj(UN/15KG)","{Бq","21020804H","1.00","","","","","2021/02/11","1.00"
"S7-STM10-CL-R-EX","rsl|PON[ (UN/15KG)",""," ","","","","","","","8.00"
"S7-STM1-M","rsl|Ph (15KG)","sǕiq","20081904H","4.00","","4.00","","4.00","2021/01/22",""
"S7-STM30T1-CL-R-EX","rsl|RO-sPN[ (UN/15KG)",""," ","","","","","","","32.00"
"S7-STM30T1-CL-R-EX-I","rsl|RO|sPN[ (UN/15KG)",""," ","","","","","","","170.00"
"S7-STM30T1-M-R-EX-PH","rsl|RO|sP@(UN/15KG)",""," ","","","","","","","7.00"
"S7-STM30T1-MT-EX","rsl-RO-sP ^ (UN/25KG)","{Бq","21020503H","1.00","","","","","2021/02/05","6.00"
"S7-STM30T2-CL-R-EX","rsl|RO|sQ N[ (UN/15KG)",""," ","","","","","","","2.00"
"S7-STM30T2L-M","rsl-RO-sQkh (15KG)","{Бq","20121706H","4.00","5.00","","1.00","4.00","2020/12/23",""
"S7-STM40T1-CL-R-EX","rsl|SO|sPN[ (UN/15KG)",""," ","","","","","","","6.00"
"S7-STM40T1-M-R-EX-PH","rsl|SO|sP@(UN/15KG)",""," ","","","","","","","4.00"
"S7-STM40T2-1-M","rsl-SO-sQh (1KG)",""," ","","","","","","","15.00"
"S7-STM40T2-M","rsl-SO-sQh (15KG)","{Бq","21020305H","1.00","","","","","2021/02/05",""
"S7-STM-TH-R-EX","rsl THINNER (UN/15KG)","{Бq","21020207H","1.00","","","","","2021/02/02","31.00"
"S7-TDM10-M","scl|PO (15KG)","iǗq","21021206H","15.00","","","","","2021/02/12",""
"S7-TDM10-M","scl|PO (15KG)","yCq","20111908H","5.00","15.00","","5.00","10.00","2020/11/27",""
"S7-TDM1-M","scl|P (15KG)","yCq","21020209H","15.00","","","","","2021/02/05",""
"S7-TM300-M","sl|ROO (15KG)","yCq","20121731H","1.00","5.00","","1.00","4.00","2020/12/23",""
"S8-5100-CL","TPOO N[ (16KG)","{Бq","20102203H","5.00","10.00","","2.00","8.00","2020/10/26",""
"S8-5100M-CL","TPOOl N[ (16KG)","{Бq","21011901H","5.00","","5.00","","5.00","2021/01/19",""
"S8-KU6-U","jt|UA_[ (16KG)","q","20101231H","4.00","7.00","","2.00","5.00","2020/10/21",""
"S9-3300-TH","RROO Vi[ (15KG)","{Бq","20072001H","4.00","4.00","","","4.00","2020/07/20",""
"S9-A820-1-TH","`|WQO@Vi[@(1KG)",""," ","","","","","","","45.00"
"S9-A820-TH","`|WQO Vi[ (15KG)","yCq","20112702H","2.00","15.00","","10.00","5.00","2020/12/02",""
"S9-A820-TH","`|WQO Vi[ (15KG)","yCq","21012001H","20.00","","20.00","","20.00","2021/01/20",""
"S9-PR-A-S-4-TH","oq|`Er@ߗpVi[ (SKG)","{Бq","21021510H","8.00","","","","","2021/02/15","8.00"
"S9-SU930-TH-R-EX","rt|XRO Vi[ (UN/14KG)",""," ","","","","","","","2.00"
"S9-TL400-L","sk|SOO ^[_[ (15KG)","yCq","20101907H","3.00","3.00","","","3.00","2020/10/19",""
"S9-TL400-L","sk|SOO ^[_[ (15KG)","q","20101931H","2.00","3.00","","","3.00","2020/10/19",""
"S9-TL410-L","sk|SPO ^|_[ (15KG)","yCq","20041531H","4.00","4.00","","","4.00","2020/04/20",""
"S9-TL410-L","sk|SPO ^|_[ (15KG)","q","20041531H","6.00","6.00","","","6.00","2020/04/20",""
"S9-U100-TH","t|POO Vi[ (15KG)","{Бq","21011805H","14.00","","20.00","1.00","19.00","2021/01/18","10.00"
"S9-U100-TH","t|POO Vi[ (15KG)","{Бq","21021103H","30.00","","","","","2021/02/10",""
"S9-U200-TH","t|QOO Vi[ (18gj","yCq","20121408H","13.00","20.00","","1.00","19.00","2020/12/15",""
"S9-U320-TH","t|RQO Vi[ (15KG)","{Бq","21021205H","5.00","","","","","2021/02/12",""
"S9-U320-TH-R-EX","t|RQO Vi[ (UN/15KG)",""," ","","","","","","","12.00"
"S9-U330-TH","t|RRO Vi[ (14KG)","yCq","21011903H","19.00","","20.00","","20.00","2021/01/19",""
"S9-U330-TH","t|RRO Vi[ (14KG)","q","20111910H","3.00","","3.00","","3.00","2021/01/18",""
"S9-U330-TH-R-EX","t|RROVi[ (UN/14KG)",""," ","","","","","","","2.00"
"S9-U390-TH","t|RXOVi[ (15KG)","{Бq","20042804H","4.00","5.00","","1.00","4.00","2020/05/20",""
"S9-U390-TH","t|RXOVi[ (15KG)","yCsǑq","20011301H","1.00","","1.00","","1.00","2021/01/29",""
"S9-UL100-L","tk|POO^[_[ (15KG)","{Бq","20111306H","8.00","10.00","","","10.00","2020/11/17",""
"S9-UL100-L-R-EX","tk|POO^[_[ (UN/15KG)",""," ","","","","","","","1.00"
"S9-UL110-L","tk|PPO^[_[ (15KG)","{Бq","20052103H","3.00","3.00","","","3.00","2020/05/25",""
"S9-UL430-L","tk|SRO^[_[ (15KG)","yCq","21011453T","11.00","","15.00","4.00","11.00","2021/01/15",""
"S9-UR800-TH","Ebg WOO Vi[ (15KG)","yCq","21012206H","5.00","","6.00","1.00","5.00","2021/01/25",""
