i,i,PʃR[h,Pd,d
999998,Tv,,0,0
999999,Gi,,0,0
S0-KONPOU,,,0,0
S0-PARET-MAT,pbgp}bg,,0,0
S10-E-C,GR[b  (18gj,CN,15500,16.5
S10-FA341,e`|RSP܁@iSjfj,CN,4000,4.5
S10-FA341-15,e`|RSP܁@iPTjfj,CN,15000,16
S10-FB,tbgx[X (4KG),CN,4000,4.5
S10-G2000,f|QOOO (1KG),KG,1000,1.0667
S10-GE-650,fd|UTO@(1KG),KG,1000,1.0667
S10-NP140T,mo|PSOs (1KG),KG,1000,1.0667
S10-NP140V,mo|PSOu (1KG),KG,1000,1.0667
S10-P2-1,o|QvC}[ (1KGj,KG,1000,1.0667
S10-P2-4,o|QvC}[ (4KG),CN,4000,4.5
S10-P2-4-EX,o|QvC}[ (4KGj,CN,4000,4.5
S10-P2-EX,o|QvC}[ (UN/16KG),CN,16000,18
S10-P2Y,o|QxvC}[ (15KG),CN,15000,16
S10-P2Y-EX,o|QxvC}[ (UN/16KG),CN,16000,18
S10-R140,Om[q|PSO (1KG),KG,1000,1.0667
S10-SAMPLE,o^iiLj,CN,0,0
S10-SIRIKON-1-PM,VRol (1KG),CN,1000,1.2
S10-SIRIKON-PM,VRol (15KG),CN,15000,16
S10-SN-P,rmvC}[ (16g),CN,16000,17
S10-T100,s|POO@iPjfj,KG,1000,1.0667
S10-T17P2,s|PVo|Q (15KG),CN,15000,16
S10-T17P2-4,s|PVo|Q (4KG),CN,4000,4.5
S10-TA10P5,s`-POo-T (15KG),CN,15000,16
S10-TA10P5-4,s`-POo-T (4KG),CN,4000,4.5
S10-TEA,gG`A~ (1KG),KG,1000,1.0667
S10-TPL3529,eX|[k|RTQX (1KG),KG,1000,1.0667
S10-TR-7,sq|V@܁@(3.5KG),CN,3500,4
S10-TR-7-15,sq|V@܁@(15KG),CN,15000,16
S11-ALY281-U,`kx|QWPA_[i15KGj,CN,15000,16
S11-KHT2-T,jgs|Q() gbv (15KG),CN,15000,16
S11-KHT2-T-EX,jgs|Q() gbv (UN/17KG),CN,17000,19
S11-KHU3A-U,jgt|R() `t (15KG),CN,15000,16
S11-KHU3A-U-EX,jgt|R() `t (UN/20KG),CN,20000,22
S11-KHU3A-U-EX-ENG,jgt|R() `t (UN/20KG),CN,20000,22
S11-KHU3B-U,jgt|R at (4KG),CN,4000,4.5
S11-KHU3B-U-EX,jgt|R at (UN/19KG),CN,19000,21
S11-KHU3B-U-EX-ENG,jgt|R at (UN/19KG),CN,19000,21
S11-KHU3K3A-U,jgt|RiRj`t (15Kg),CN,15000,16
S11-KHU3K3A-U-EX,jgt|RiRj`t (UN/20KG),CN,20000,22
S11-KHU3K3B-U,jgt|RiRjat (4Kg),CN,4000,4.5
S11-KHU3K3B-U-EX,jgt|RiRjat (UN/19KG),CN,19000,21
S11-KHU-3KA15-U-EX,jgt|R() `t (UN/15KG),CN,15000,17
S11-MT100A-1-U,ls|POO `t (1KG),KG,1000,1.0667
S11-MT100A-U,ls|POO `t (15KG),CN,15000,16
S11-MT100B-1-U,ls|POO at (1KG),KG,1000,1.0667
S11-MT100B-U,ls|POO at (4KG),CN,4000,4.5
S11-MT150A-U,ls|PTO `t (15KG),CN,15000,16
S11-MT150B-U,ls|PTO at (4KG),CN,4000,4.5
S11-PLY10A-U,ok|xPOt `t (15KG),CN,15000,16
S11-PLY10B-U,ok|xPOt at (4KG),CN,4000,4.5
S11-PPS200-U-EX,oor|QOO A_[ (UN/18KG),CN,18000,20
S11-PS200-U,or|xQOOt A_[ (15KG),CN,15000,16
S11-PS50-U,or|xTOtA_[ (15KG),CN,15000,16
S11-PS70-T,or|xVOs gbv (15KG),CN,15000,16
S11-PSY200UA-U-EX,or|xQOOt ` (UN/17KGj,CN,17000,19
S11-PSY200UB-U-EX,or|xQOOt a (UN/2KGj,CN,2000,2.5
S11-PSY50URA-U-EX,or|xTOtq@`@(UN/17KG),CN,17000,19
S11-PSY50URB-U-EX,or|xTOtq@a (UN/16KG),CN,16000,18
S11-PSY50UR-U,or|xTOtqA_[ (15KG),CN,15000,16
S11-PSY70T-T-EX,or|xVOs (UN/3KGj,CN,3000,3.5
S11-UVC3-CL,tub|Rr0.1 N[ (15KG),CN,15000,16
S11-UVC3-CL17-EX,tub|RrODP N[ (UN/17kg),CN,17000,19
S11-UVC3-CL-EX,tub|Rr0.1 N[ (UN/18KG),CN,18000,20
S11-UVC3S01A-T-EX,tub|RrODP` (UN/17KG),CN,17000,19
S11-UVC3S01B-T-EX,tub|RrODPa (UN/16KG),CN,16000,18
S11-UVC3-TNK,tub|Rr0.1 Y (4KG),CN,4000,4.5
S11-UVC3-TNK16-EX,tub|RrODP Y܁@iUN/16Kg),CN,16000,18
S11-UVC3-TNK-EX,tub|Rr0.1 Y (UN/17KG),CN,17000,19
S11-YKT200-T,xjs|QOOgbv (15KG),CN,15000,16
S11-YKU100A-U,xjt|POO `t (15KG),CN,15000,16
S11-YKU100B-U,xjt|POO at (4KG),CN,4000,4.5
S15-3300G-Y35,RROOlFx|RT (16KG),CN,16000,17
S15-3300G-Y36,RROOlFx|RU (16KG),CN,16000,17
S15-3300M-BRW-128,RROOluEPQW (16KG),CN,16000,17
S15-3300MG-Y36,RROOlFxRU (15KG),CN,15000,16
S15-5500G-2,TTOOFQ (16KG),CN,16000,17
S15-EDG-1,G|cFP (16KG),CN,16000,17
S15-EDG-2,G|cFQ (16KG),CN,16000,17
S15-EDG-3,G|cFR (16KG),CN,16000,17
S15-EDMG-M6,G|clFl|U (16KG),CN,16000,17
S15-EDMG-M7,G|clFl|V (16KG),CN,16000,17
S15-EDNG-S8,G|clFr|W (16KG),CN,16000,17
S15-RT25COP-30,qs|QTFRO (15KG),CN,15000,16
S15-ST10G-C1,rs|POlFb|P (16gj,CN,13500,14.5
S15-ST10G-C2,rs|POlFb|Q (16gj,CN,13500,14.5
S15-ST10G-C3,rs|POlFb|R (16gj,CN,13500,14.5
S15-ST10G-C4,rs|POlFb|S (16gj,CN,13500,14.5
S15-ST10G-C5,rs|POlFb|T (16gj,CN,13500,14.5
S15-ST10G-C8,rs|POlFb|W (16gj,CN,13500,14.5
S15-ST10G-H25,rs|POlFg|QT (16gj,CN,13500,14.5
S15-ST18BLK-70,rs|PWkubNVO (16gj,CN,13500,14.5
S15-ST18BRW-18,rs|PWkuEPW (16gj,CN,13500,14.5
S15-ST18BRW-44,rs|PWkuESS (16gj,CN,13500,14.5
S15-ST18BRW-65,rs|PWkuEUT (16g),CN,13500,14.5
S15-ST18BRW-7,rs|PWkuEV (16gj,CN,13500,14.5
S15-ST18BRW-72,rs|PWkuEVQ (16gj,CN,13500,14.5
S15-ST18CHR,rs|PWkN[ (16gj,CN,13500,14.5
S15-ST18CHR-13,rs|PWkN[PR (16gj,CN,13500,14.5
S15-ST18CHR-35,rs|PWkN[RT (16gj,CN,13500,14.5
S15-ST18CHR-5,rs|PWkN[T (16gj,CN,13500,14.5
S15-ST18COP-12,rs|PWkFPQ (16gj,CN,13500,14.5
S15-ST18COP-23,rs|PWkFQR (16gj,CN,13500,14.5
S15-ST18COP-27,rs|PWkFQV (16gj,CN,13500,14.5
S15-ST18COP-31,rs|PWkFRP (16gj,CN,13500,14.5
S15-ST18COP-38,rs|PWkFRW (16gj,CN,13500,14.5
S15-ST18COP-40,rs|PWkFSO (16gj,CN,13500,14.5
S15-ST18G-3,rs|PWkFR (16gj,CN,13500,14.5
S15-ST18G-8,rs|PWkFW (16gj,CN,13500,14.5
S15-ST18G-A2,rs|PWkF`|Q (16gj,CN,13500,14.5
S15-ST18G-A6,rs|PWkF`|U (16gj,CN,13500,14.5
S15-ST18G-B,rs|PWkF a (16gj,CN,13500,14.5
S15-ST18G-D13,rs|PWkFc|PR (16gj,CN,13500,14.5
S15-ST18G-D3,rs|PWkFc|R (16gj,CN,13500,14.5
S15-ST18G-E11,rs|PWkFd|PP (16gj,CN,13500,14.5
S15-ST18G-E16,rs|PWkFd|PU (16gj,CN,13500,14.5
S15-ST18G-E18,rs|PWkFd|PW (16gj,CN,13500,14.5
S15-ST18G-E21,rs|PWkFd|QP (16gj,CN,13500,14.5
S15-ST18G-E31,rs|PWkFd|RP (16gj,CN,13500,14.5
S15-ST18G-E9,rsPWkFd|X (16gj,CN,13500,14.5
S15-ST18G-F11,rs|PWkFe|PP (16gj,CN,13500,14.5
S15-ST18G-F17,rs|PWkFe|PV (16gj,CN,13500,14.5
S15-ST18G-F5,rs|PWkFe|T (16gj,CN,13500,14.5
S15-ST18G-F51,rs|PWkFe|TP (16gj,CN,13500,14.5
S15-ST18G-F70,rs|PWkFe|VO (16gj,CN,13500,14.5
S15-ST18G-G5,rs|PWkFf|T (16gj,CN,13500,14.5
S15-ST18G-H23,rs|PWkFg|QR (16gj,CN,13500,14.5
S15-ST18G-H26,rs|PWkFg|QU (16gj,CN,13500,14.5
S15-ST18G-H26-82,rsPWkFg|QU(8:2)(16gj,CN,13500,14.5
S15-ST18G-H516,rs|PWkFg|TPU (16gj,CN,13500,14.5
S15-ST18G-H815,rs|PWkF g|WPT@(16gj,CN,13500,14.5
S15-ST18G-H820,rs|PWkFg|WQO (16gj,CN,13500,14.5
S15-ST18G-K014,rs|PWkFj|OPS (16gj,CN,13500,14.5
S15-ST18G-K020,rs|PWkFj|OQO (16gj,CN,13500,14.5
S15-ST18G-K716,rs|PWkFj|VPU (16gj,CN,13500,14.5
S15-ST18G-L016,rs|PWkFk|OPU (16gj,CN,13500,14.5
S15-ST18G-M210,rs|PWkFl|QPO (16gj,CN,13500,14.5
S15-ST18G-M213,rs|PWkFl|QPR (16gj,CN,13500,14.5
S15-ST18G-M407,rs|PWkFl|SOV (16gj,CN,13500,14.5
S15-ST18G-M909,rs|PWkFl|XOX (16gj,CN,13500,14.5
S15-ST18G-N210,rs|PWkFm|QPO (16gj,CN,13500,14.5
S15-ST18G-N416,rs|PWkFm|SPU (16gj,CN,13500,14.5
S15-ST18G-N806,rs|PWkFm|WOU (16gj,CN,13500,14.5
S15-ST18G-N811,rs|PWkFm|WPP (16gj,CN,13500,14.5
S15-ST18G-S22,rs|PWkFr|QQ (16gj,CN,13500,14.5
S15-ST18G-T811,rs|PWkFs|WPP@(16gj,CN,13500,14.5
S15-ST18G-T915,rs|PWkFs|XPT@(16gj,CN,13500,14.5
S15-ST18G-U113,rs|PWkFt|PPR (16gj,CN,13500,14.5
S15-ST18G-U615,rs|PWkFt|UPT (16gj,CN,13500,14.5
S15-ST18G-V115,rs|PWkFu|PPT (16gj,CN,13500,14.5
S15-ST18G-V809,rs|PWkFu|WOX (16gj,CN,13500,14.5
S15-ST18G-Y77,rs|PWkFx|VV (16gj,CN,13500,14.5
S15-ST18G-Y78,rs|PWkFx|VW (16gj,CN,13500,14.5
S15-ST18YEL-2,rs|PWkCG[Q (16gj,CN,13500,14.5
S15-ST20BLU-70,rs|QOlu[VO (15KG),CN,15000,16
S15-ST20BRW-95,rs|QOluEXT (15KG),CN,15000,16
S15-ST20CHR-50,rs|QOlN[TO (15KG),CN,15000,16
S15-ST20COP,rs|QOlF (15KG),CN,15000,16
S15-ST20COP-32,rs|QOlFRQ (15KG),CN,15000,16
S15-ST20G-10DR,rs|QOlFZFPO (15KG),CN,15000,16
S15-ST20G-11,rs|QOlFPP (15KG),CN,15000,16
S15-ST20G-31,rs|QOlFRP (15KG),CN,15000,16
S15-ST20G-5,rs|QOlFT (15KG),CN,15000,16
S15-ST20G-F90,rs|QOlFe|XO (15KG),CN,15000,16
S15-ST20G-G,rs|QOlF f (15KG),CN,15000,16
S15-ST20G-G5,rs|QOlFf|T (15KG),CN,15000,16
S15-ST20G-U777,rs|QOlFt|VVV (15KG),CN,15000,16
S15-ST20G-X113,rs|QOlFw|PPR (15KG),CN,15000,16
S15-ST20G-X209,rs|QOlFw|QOX (15KG),CN,15000,16
S15-ST20G-X211,rs|QOlFw|QPP (15KG),CN,15000,16
S15-ST20G-X216,rs|QOlFw|QPU (15KG),CN,15000,16
S15-ST20G-XA09,rs|QOlFw|`OX (15KG),CN,15000,16
S15-ST20G-Y54,rs|QOlFx|TS (15KG),CN,15000,16
S15-ST20RED-62,rs|QOlbhUQ (15KG),CN,15000,16
S15-ST32BLK-17TK,rs|RQubNPV (15KG),CN,15000,16
S15-ST32BLK-19,rs|RQubNPX (15KG),CN,15000,16
S15-ST32BLK-5,rs|RQubNT (15KG),CN,15000,16
S15-ST32BLK-74TK,rs|RQubNVS (15KG),CN,15000,16
S15-ST32BLK-77,rs|RQubNVV (15KG),CN,15000,16
S15-ST32BLK-79,rs|RQubNVX (15KG),CN,15000,16
S15-ST32BLK-8,rs|RQubNW (15KG),CN,15000,16
S15-ST32BLK-86,rs|RQubNWU (15KG),CN,15000,16
S15-ST32BLK-87TK,rs|RQubNWV (15KG),CN,15000,16
S15-ST32BLK-89TK,rs|RQubNWX (15KG),CN,15000,16
S15-ST32BLK-90,rs|RQubNXO (15KG),CN,15000,16
S15-ST32BLK-92,rs|RQubNXQ (15KG),CN,15000,16
S15-ST32BLK-93,rs|RQubNXR (15KG),CN,15000,16
S15-ST32BLK-94,rs|RQubNXS (15KG),CN,15000,16
S15-ST32BLU-100,rs|RQu[POO (15KG),CN,15000,16
S15-ST32BLU-101,rs|RQu[POP (15KG),CN,15000,16
S15-ST32BLU-102,rs|RQu[POQ (15KG),CN,15000,16
S15-ST32BLU-103,rs|RQu[POR (15KG),CN,15000,16
S15-ST32BLU-104,rs|RQu[POS (15KG),CN,15000,16
S15-ST32BLU-105,rs|RQu[POT (15KG),CN,15000,16
S15-ST32BLU-106,rs|RQu[POU (15KG),CN,15000,16
S15-ST32BLU-107,rs|RQu[POV (15KG),CN,15000,16
S15-ST32BLU-108,rs|RQu[POW (15KG),CN,15000,16
S15-ST32BLU-109,rs|RQu[POX (15KG),CN,15000,16
S15-ST32BLU-110,rs|RQu[PPO (15KG),CN,15000,16
S15-ST32BLU-28,rs|RQu[QW (15KG),CN,15000,16
S15-ST32BLU-34,rs|RQu[RS (15KG),CN,15000,16
S15-ST32BLU-36,rs|RQu[RU (15KG),CN,15000,16
S15-ST32BLU-4,rs|RQu[S (15KG),CN,15000,16
S15-ST32BLU-40,rs|RQu[SO (15KG),CN,15000,16
S15-ST32BLU-4-108,rs|RQu[POW (4KG),CN,4000,4.5
S15-ST32BLU-4-58,rs|RQu[TW (4KG),CN,4000,4.5
S15-ST32BLU-4-6,rs|RQu[U (4KG),CN,4000,4.5
S15-ST32BLU-4-72,rs|RQu[VQ (4KG),CN,4000,4.5
S15-ST32BLU-4-81,rs|RQu[WP (4KG),CN,4000,4.5
S15-ST32BLU-4-87,rs|RQu[WV (4KG),CN,4000,4.5
S15-ST32BLU-4-88,rs|RQu[WW (4KG),CN,4000,4.5
S15-ST32BLU-54,rs|RQu[TS (15KG),CN,15000,16
S15-ST32BLU-58,rs|RQu[TW (15KG),CN,15000,16
S15-ST32BLU-6,rs|RQu[U (15KG),CN,15000,16
S15-ST32BLU-62,rs|RQu[UQ (15KG),CN,15000,16
S15-ST32BLU-69,rs|RQu[UX (15KG),CN,15000,16
S15-ST32BLU-71,rs|RQu[VP (15KG),CN,15000,16
S15-ST32BLU-73,rs|RQu[VR (15KG),CN,15000,16
S15-ST32BLU-74,rs|RQu[VS (15KG),CN,15000,16
S15-ST32BLU-75,rs|RQu[VT (15KG),CN,15000,16
S15-ST32BLU-76,rs|RQu[VU (15KG),CN,15000,16
S15-ST32BLU-77,rs|RQu[VV (15KG),CN,15000,16
S15-ST32BLU-78,rs|RQu[VW (15KG),CN,15000,16
S15-ST32BLU-79,rs|RQu[VX (15KG),CN,15000,16
S15-ST32BLU-80,rs|RQu[WO (15KG),CN,15000,16
S15-ST32BLU-82,rs|RQu[WQ (15KG),CN,15000,16
S15-ST32BLU-83,rs|RQu[WR (15KG),CN,15000,16
S15-ST32BLU-84,rs|RQu[WS (15KG),CN,15000,16
S15-ST32BLU-85,rs|RQu[WT (15KG),CN,15000,16
S15-ST32BLU-86,rs|RQu[WU (15KG),CN,15000,16
S15-ST32BLU-87,rs|RQu[WV (15KG),CN,15000,16
S15-ST32BLU-89,rs|RQu[WX (15KG),CN,15000,16
S15-ST32BLU-90,rs|RQu[XO (15KG),CN,15000,16
S15-ST32BLU-92,rs|RQu[XQ (15KG),CN,15000,16
S15-ST32BLU-93,rs|RQu[XR (15KG),CN,15000,16
S15-ST32BLU-94,rs|RQu[XS (15KG),CN,15000,16
S15-ST32BLU-95,rs|RQu[XT (15KG),CN,15000,16
S15-ST32BLU-96,rs|RQu[XU (15KG),CN,15000,16
S15-ST32BLU-97,rs|RQu[XV (15KG),CN,15000,16
S15-ST32BLU-98,rs|RQu[XW (15KG),CN,15000,16
S15-ST32BLU-99,rs|RQu[XX (15KG),CN,15000,16
S15-ST32BOR-3,rs|RQuYR (15KG),CN,15000,16
S15-ST32BOR-4,rs|RQuYS (15KG),CN,15000,16
S15-ST32BOR-6,rs|RQuYU (15KG),CN,15000,16
S15-ST32BOR-7,rs|RQuYV (15KG),CN,15000,16
S15-ST32BRW-100,rs|RQuEPOO (15KG),CN,15000,16
S15-ST32BRW-101,rs|RQuEPOP (15KG),CN,15000,16
S15-ST32BRW-102,rs|RQuEPOQ (15KG),CN,15000,16
S15-ST32BRW-103,rs|RQuEPOR (15KG),CN,15000,16
S15-ST32BRW-104,rs|RQuEPOS (15KG),CN,15000,16
S15-ST32BRW-105,rs|RQuEPOT (15KG),CN,15000,16
S15-ST32BRW-106,rs|RQuEPOU (15KG),CN,15000,16
S15-ST32BRW-107,rs|RQuEPOV (15KG),CN,15000,16
S15-ST32BRW-108,rs|RQuEPOW (15KG),CN,15000,16
S15-ST32BRW-109TK,rs|RQuEPOX(15KG),CN,15000,16
S15-ST32BRW-110,rs|RQuEPPO (15KG),CN,15000,16
S15-ST32BRW-111,rs|RQuEPPP (15KG),CN,15000,16
S15-ST32BRW-112TK,rs|RQuEPPQ (15KG),CN,15000,16
S15-ST32BRW-113,rs|RQuEPPR (15KG),CN,15000,16
S15-ST32BRW-114TK,rs|RQuEPPS (15KG),CN,15000,16
S15-ST32BRW-115,rs|RQuEPPT (15KG),CN,15000,16
S15-ST32BRW-116,rs|RQuEPPU (15KG),CN,15000,16
S15-ST32BRW-117,rs|RQuEPPV (15KG),CN,15000,16
S15-ST32BRW-118TK,rs|RQuEPPW (15KG),CN,15000,16
S15-ST32BRW-119,rs|RQuEPPX (15KG),CN,15000,16
S15-ST32BRW-120,rs|RQuEPQO (15KG),CN,15000,16
S15-ST32BRW-121TK,rs|RQuEPQP(15KG),CN,15000,16
S15-ST32BRW-122,rs|RQuEPQQ (15KG),CN,15000,16
S15-ST32BRW-124,rs|RQuEPQS (15KG),CN,15000,16
S15-ST32BRW-126,rs|RQuEPQU (15KG),CN,15000,16
S15-ST32BRW-129,rs|RQuEPQX (15KG),CN,15000,16
S15-ST32BRW-130,rs|RQuEPRO (15KG),CN,15000,16
S15-ST32BRW-132,rs|RQuEPRQ (15KG),CN,15000,16
S15-ST32BRW-133TK,rs|RQuEPRR(15KG),CN,15000,16
S15-ST32BRW-134,rs|RQuEPRS (15KG),CN,15000,16
S15-ST32BRW-135,rs|RQuEPRT (15KG),CN,15000,16
S15-ST32BRW-136TK,rs|RQuEPRU (15KG),CN,15000,16
S15-ST32BRW-137,rs|RQuEPRV (15KG),CN,15000,16
S15-ST32BRW-17,rs|RQuEPV (15KG),CN,15000,16
S15-ST32BRW-20,rs|RQuEQO (15KG),CN,15000,16
S15-ST32BRW-23,rs|RQuEQR (15KG),CN,15000,16
S15-ST32BRW-25,rs|RQuEQT (15KG),CN,15000,16
S15-ST32BRW-26,rs|RQuEQU (15KG),CN,15000,16
S15-ST32BRW-2A,rs|RQuEQ` (15KG),CN,15000,16
S15-ST32BRW-4,rs|RQuES (15KG),CN,15000,16
S15-ST32BRW-47TK,rs|RQuESV (15KG),CN,15000,16
S15-ST32BRW-49,rs|RQuESX (15KG),CN,15000,16
S15-ST32BRW-49TK,rs|RQuESX (15KG),CN,15000,16
S15-ST32BRW-61,rs|RQuEUP (15KG),CN,15000,16
S15-ST32BRW-66,rs|RQuEUU (15KG),CN,15000,16
S15-ST32BRW-68,rs|RQuEUW (15KG),CN,15000,16
S15-ST32BRW-70TK,rs|RQuEVO (15KG),CN,15000,16
S15-ST32BRW-81,rs|RQuEWP (15KG),CN,15000,16
S15-ST32BRW-84TK,rs|RQuEWS (15KG),CN,15000,16
S15-ST32BRW-85,rs|RQuEWT (15KG),CN,15000,16
S15-ST32BRW-86,rs|RQuEWU (15KG),CN,15000,16
S15-ST32BRW-88,rs|RQuEWW (15KG),CN,15000,16
S15-ST32BRW-89TK,rs|RQuEWX (15KG),CN,15000,16
S15-ST32BRW-92,rs|RQuEXQ (15KG),CN,15000,16
S15-ST32BRW-93,rs|RQuEXR (15KG),CN,15000,16
S15-ST32BRW-94,rs|RQuEXS (15KG),CN,15000,16
S15-ST32BRW-97,rs|RQuEXV (15KG),CN,15000,16
S15-ST32BRW-98,rs|RQuEXW (15KG),CN,15000,16
S15-ST32BRW-99,rs|RQuEXX (15KG),CN,15000,16
S15-ST32BUL-97,rs|RQu[XV (15KG),CN,15000,16
S15-ST32CHR,rs|RQN[ (15KG),CN,15000,16
S15-ST32CHR-13,rs|RQN[PR (15KG),CN,15000,16
S15-ST32CHR-31,rs|RQN[RP(15KG),CN,15000,16
S15-ST32CHR-38,rs|RQN[RW (15KG),CN,15000,16
S15-ST32CHR-40,rs|RQN[SO (15KG),CN,15000,16
S15-ST32CHR-43,rs|RQN[SR (15KG),CN,15000,16
S15-ST32CHR-4-44,rs|RQN[SS (4KG),CN,4000,4.5
S15-ST32CHR-45,rs|RQN[ST (15KG),CN,15000,16
S15-ST32CHR-46,rs|RQN[SU (15KG),CN,15000,16
S15-ST32CHR-48,rs|RQN[SW (15KG),CN,15000,16
S15-ST32CHR-51,rs|RQN[TP (15KG),CN,15000,16
S15-ST32CHR-52,rs|RQN[TQ (15KG),CN,15000,16
S15-ST32CHR-53,rs|RQN[TR (15KG),CN,15000,16
S15-ST32CHR-54TK,rs|RQN[TS (15KG),CN,15000,16
S15-ST32CHR-56,rs|RQN[TU (15KG),CN,15000,16
S15-ST32CHR-57,rs|RQN[TV (15KG),CN,15000,16
S15-ST32CHR-58,rs|RQN[TW@(15KG),CN,15000,16
S15-ST32CHR-62,rs|RQN[UQ (15KG),CN,15000,16
S15-ST32CHR-65TK,rs|RQN[UT (15KG),CN,15000,16
S15-ST32COP,rs|RQF (15KG),CN,15000,16
S15-ST32COP-25TK,rs|RQFQT (15KG),CN,15000,16
S15-ST32COP-28,rs|RQFQW (15KG),CN,15000,16
S15-ST32COP-29,rs|RQFQX (15KG),CN,15000,16
S15-ST32COP-33,rs|RQFRR (15KG),CN,15000,16
S15-ST32COP-34,rs|RQFRS (15KG),CN,15000,16
S15-ST32COP-35,rs|RQFRT (15KG),CN,15000,16
S15-ST32COP-36TK,rs|RQFRU (15KG),CN,15000,16
S15-ST32COP-37,rs|RQFRV (15KG),CN,15000,16
S15-ST32COP-38TK,rs|RQFRW (15KG),CN,15000,16
S15-ST32COP-39,rs|RQFRX (15KG),CN,15000,16
S15-ST32COP-4,rs|RQFS (15KG),CN,15000,16
S15-ST32COP-41,rs|RQFSP (15KG),CN,15000,16
S15-ST32COP-42,rs|RQFSQ (15KG),CN,15000,16
S15-ST32COP-43,rs|RQFSR (15KG),CN,15000,16
S15-ST32COP-44,rs|RQFSS (15KG),CN,15000,16
S15-ST32COP-4-49,rs|RQFSX (4KG),CN,4000,4.5
S15-ST32COP-45,ST-32F45,CN,15000,16
S15-ST32COP-46,rs|RQFSU@(15KG),CN,15000,16
S15-ST32COP-47,rs|RQFSV  (15KG),CN,15000,16
S15-ST32COP-48,rs|RQFSW (15KG),CN,15000,16
S15-ST32G-10DR,rs|RQFZFPO (15KG),CN,15000,16
S15-ST32G-12,rs|RQFPQ (15KG),CN,15000,16
S15-ST32G-21,rs|RQFQP (15KG),CN,15000,16
S15-ST32G-26,rs|RQFQU (15KG),CN,15000,16
S15-ST32G-4-A618,rs|RQF`|UPW (4KG),CN,4000,4.5
S15-ST32G-4-A712,rs|RQF`|VPQ (4KG),CN,4000,4.5
S15-ST32G-4-B910,rs|RQFa|XPO (4KG),CN,4000,4.5
S15-ST32G-4-C417,rs|RQFb|SPVi4KGj,CN,4000,4.5
S15-ST32G-4-F916,ST-32FF-916i4KG,CN,4000,4.5
S15-ST32G-4-Z901,rs|RQFy|XOP (4KG),CN,4000,4.5
S15-ST32G-5,rs|RQF@T@(15KG),CN,15000,16
S15-ST32G-6,rs|RQFU (15KG),CN,15000,16
S15-ST32G-63,rs|RQFUR (15KG),CN,15000,16
S15-ST32G-68,rs|RQFUW (15KG),CN,15000,16
S15-ST32G-7,rs|RQFV (15KG),CN,15000,16
S15-ST32G-8,rs|RQFW (15KG),CN,15000,16
S15-ST32G-83,rs|RQF@WR (15KG),CN,15000,16
S15-ST32G-84,rs|RQF@WS (15KG),CN,15000,16
S15-ST32G-A020,rs|RQF`|OQO (15KG),CN,15000,16
S15-ST32G-A021,rs|RQF`|OQP (15KG),CN,15000,16
S15-ST32G-A118,rs|RQF`|PPW (15KG),CN,15000,16
S15-ST32G-A119,rs|RQF`|PPX (15KG),CN,15000,16
S15-ST32G-A119TK,rs|RQF`|PPX (15KG),CN,15000,16
S15-ST32G-A120TK,rs|RQF`|PQO(15KG),CN,15000,16
S15-ST32G-A2,rs|RQF`|Q (15KG),CN,15000,16
S15-ST32G-A220,rs|RQF`|QQO (15KG),CN,15000,16
S15-ST32G-A314,rs|RQF`|RPS (15KG),CN,15000,16
S15-ST32G-A317,rs|RQF`|RPV (15KG),CN,15000,16
S15-ST32G-A514,rs|RQF`|TPS (15KG),CN,15000,16
S15-ST32G-A616,rs|RQF`|UPU (15KG),CN,15000,16
S15-ST32G-A619,rs|RQF`|UPX (15KG),CN,15000,16
S15-ST32G-A620,ST-32 FA-620 (15KG),CN,15000,16
S15-ST32G-A709,rs|RQF`|VOX (15KG),CN,15000,16
S15-ST32G-A717,rs|RQF`|VPV (15KG),CN,15000,16
S15-ST32G-A718,rs|RQF`|VPW (15KG),CN,15000,16
S15-ST32G-A806TK,rs|RQF`|WOU(15KG),CN,15000,16
S15-ST32G-A819,rs|RQF`|WPX (15KG),CN,15000,16
S15-ST32G-A913,rs|RQF`|XPR (15KG),CN,15000,16
S15-ST32G-A915,rs|RQF`|XPT (15KG),CN,15000,16
S15-ST32G-A915M,rs|RQF`|XPTl (15KG),CN,15000,16
S15-ST32G-B011,rs|RQFa|OPP (15KG),CN,15000,16
S15-ST32G-B118,rs|RQFa|PPW (15KG),CN,15000,16
S15-ST32G-B119,rs|RQFa|PPX (15KG),CN,15000,16
S15-ST32G-B213,rs|RQFa|QPR (15KG),CN,15000,16
S15-ST32G-B215,rs|RQFa|QPT (15KG),CN,15000,16
S15-ST32G-B4,rs|RQFa|S (15KG),CN,15000,16
S15-ST32G-B420,rs|RQFa|SQO (15KG),CN,15000,16
S15-ST32G-B4DR,rs|RQFZFa|S (15KG),CN,15000,16
S15-ST32G-B517,rs|RQFa|TPV (15KG),CN,15000,16
S15-ST32G-B518,rs|RQFa|TPW (15KG),CN,15000,16
S15-ST32G-B613,rs|RQFa|UPR (15KG),CN,15000,16
S15-ST32G-B619,rs|RQFa|UPX (15KG),CN,15000,16
S15-ST32G-B706,rs|RQFa|VOU (15KG),CN,15000,16
S15-ST32G-B707,rs|RQFa|VOV (15KG),CN,15000,16
S15-ST32G-B713,rs|RQFa|VPR (15KG),CN,15000,16
S15-ST32G-B715,rs|RQFa|VPT (15KG),CN,15000,16
S15-ST32G-B817,rs|RQFa|WPV (15KG),CN,15000,16
S15-ST32G-B817TK,rs|RQFa|WPV (15KG),CN,15000,16
S15-ST32G-B915,rs|RQFa|XPT (15KG),CN,15000,16
S15-ST32G-B918,rs|RQFa|XPW (15KG),CN,15000,16
S15-ST32G-C001,rs|RQFb|OOP (15KG),CN,15000,16
S15-ST32G-C006,rs|RQFb|OOU (15KG),CN,15000,16
S15-ST32G-C007,rs|RQFb|OOV (15KG),CN,15000,16
S15-ST32G-C009,rs|RQFb|OOX (15KG),CN,15000,16
S15-ST32G-C012,rs|RQFb|OPQ (15KG),CN,15000,16
S15-ST32G-C019TK,rs|RQFb|OPX (15KG),CN,15000,16
S15-ST32G-C115,rs|RQFb|PPT (15KG),CN,15000,16
S15-ST32G-C116,rs|RQFb|PPU (15KG),CN,15000,16
S15-ST32G-C213,rs|RQFb|QPR (15KG),CN,15000,16
S15-ST32G-C214,rs|RQFb|QPS (15KG),CN,15000,16
S15-ST32G-C307,rs|RQFb|ROV@(15KG),CN,15000,16
S15-ST32G-C313TK,rs|RQFb|RPR (15KG),CN,15000,16
S15-ST32G-C316,rs|RQFb|RPU (15KG),CN,15000,16
S15-ST32G-C318,rs|RQFb|RPW (15KG),CN,15000,16
S15-ST32G-C411,rs|RQFb|SPP (15KG),CN,15000,16
S15-ST32G-C415,rs|RQFb|SPT (15KG),CN,15000,16
S15-ST32G-C513,rs|RQFb|TPR (15KG),CN,15000,16
S15-ST32G-C613,rs|RQFb|UPR (15KG),CN,15000,16
S15-ST32G-C614TK,rs|RQFb|UPS (15KG),CN,15000,16
S15-ST32G-C709,rs|RQFb|VOX (15KG),CN,15000,16
S15-ST32G-C714,rs|RQFb|VPS (15KG),CN,15000,16
S15-ST32G-C715,rs|RQFb|VPT (15KG),CN,15000,16
S15-ST32G-C717,rs|RQFb|VPV (15KG),CN,15000,16
S15-ST32G-C784,rs|RQFb|VWS (15KG),CN,15000,16
S15-ST32G-C804TK,rs|RQFb|WOS (15KG),CN,15000,16
S15-ST32G-C809,rs|RQFb|WOX@(15KG),CN,15000,16
S15-ST32G-C809-1,rs|RQFb|WOX|P (15KG),CN,15000,16
S15-ST32G-C813,rs|RQFb|WPR (15KG),CN,15000,16
S15-ST32G-C912,rs|RQFb|XPQ (15KG),CN,15000,16
S15-ST32G-C916,rs|RQFb|XPU (15KG),CN,15000,16
S15-ST32G-D055,rs|RQFc|OTT (15KG),CN,15000,16
S15-ST32G-D101,rs|RQFc|POP (15KG),CN,15000,16
S15-ST32G-D209,rs|RQFc|QOX (15KG),CN,15000,16
S15-ST32G-D310,rs|RQFc|RPO (15KG),CN,15000,16
S15-ST32G-D312,rs|RQFc|RPQ (15KG),CN,15000,16
S15-ST32G-D312A,rs|RQFc|RPQ` (15KG),CN,15000,16
S15-ST32G-D313,rs|RQFc|RPR (15KG),CN,15000,16
S15-ST32G-D315,rs|RQFc|RPT (15KG),CN,15000,16
S15-ST32G-D317,rs|RQFc|RPV (15KG),CN,15000,16
S15-ST32G-D413,rs|RQFc|SPR (15KG),CN,15000,16
S15-ST32G-D511,rs|RQFc|TPP (15KG),CN,15000,16
S15-ST32G-D813,rs|RQFc|WPR (15KG),CN,15000,16
S15-ST32G-D816,rs|RQFc|WPU (15KG),CN,15000,16
S15-ST32G-D908,rs|RQFc|XOW (15KG),CN,15000,16
S15-ST32G-D916,rs|RQFc|XPU (15KG),CN,15000,16
S15-ST32G-E114,rs|RQFd|PPS (15KG),CN,15000,16
S15-ST32G-E207,rs|RQFd|QOV (15KG),CN,15000,16
S15-ST32G-E209,rs|RQFd|QOX (15KG),CN,15000,16
S15-ST32G-E416,rs|RQFd|SPU (15KG),CN,15000,16
S15-ST32G-E508,rs|RQFd|TOW (15KG),CN,15000,16
S15-ST32G-E608,rs|RQFd|UOW (15KG),CN,15000,16
S15-ST32G-E809,rs|RQFd|WOX (15KG),CN,15000,16
S15-ST32G-E813,rs|RQFd|WPR (15KG),CN,15000,16
S15-ST32G-E913,rs-RQFd-XPR(15kgj,CN,15000,16
S15-ST32G-F006,rs|RQFe|OOU (15KG),CN,15000,16
S15-ST32G-F007,rs|RQFe|OOV (15KG),CN,15000,16
S15-ST32G-F110,rs|RQFe|PPO (15KG),CN,15000,16
S15-ST32G-F116,rs|RQFe|PPU (15KG),CN,15000,16
S15-ST32G-F205,rs|RQFe|QOT (15KG),CN,15000,16
S15-ST32G-F206,rs|RQFe|QOU@(15kg),CN,15000,16
S15-ST32G-F216,rs|RQFe|QPU (15KG),CN,15000,16
S15-ST32G-F608,rs|RQFe|UOW (15KG),CN,15000,16
S15-ST32G-F809,rs|RQFe|WOX (15KG),CN,15000,16
S15-ST32G-F916,rs|RQFe|XPU (15KG),CN,15000,16
S15-ST32G-G,rs|RQF@f (15KG),CN,15000,16
S15-ST32G-G16,rs|RQFf|PU (15KG),CN,15000,16
S15-ST32G-G5,rs|RQFf|T (15KG),CN,15000,16
S15-ST32G-G515,rs|RQFf|TPT (15KG),CN,15000,16
S15-ST32G-G807,rs|RQFf|WOV (15KG),CN,15000,16
S15-ST32G-G9,rs|RQFf|X (15KG),CN,15000,16
S15-ST32G-H23,rs|RQFg|QR (15KG),CN,15000,16
S15-ST32G-H26,rs|RQFg|QU (15KG),CN,15000,16
S15-ST32G-H26-82,rs|RQFg|QU(8:2) (15KG),CN,15000,16
S15-ST32G-H28,rs|RQFg|QW (15KG),CN,15000,16
S15-ST32G-J301,rs|RQFi|ROP (15KG),CN,15000,16
S15-ST32G-J606TK,rs|RQFi|UOU(15KG),CN,15000,16
S15-ST32G-M405,rs|RQFl|SOT (15KG),CN,15000,16
S15-ST32GRE-100,ST-32O[100(15k,CN,15000,16
S15-ST32GRE-101,rs|RQO[POP (15KG),CN,15000,16
S15-ST32GRE-102,rs|RQO[POQ (15KG),CN,15000,16
S15-ST32GRE-103,rs|RQO[POR (15KG),CN,15000,16
S15-ST32GRE-104,rs|RQO[POS (15KG),CN,15000,16
S15-ST32GRE-12,rs|RQO[PQ (15KG),CN,15000,16
S15-ST32GRE-20,rs|RQO[QO (15KG),CN,15000,16
S15-ST32GRE-23,rs|RQO[QR (15KG),CN,15000,16
S15-ST32GRE-32,rs|RQO[RQ (15KG),CN,15000,16
S15-ST32GRE-41,rs|RQO[SP (15KG),CN,15000,16
S15-ST32GRE-4-96,rs|RQO[XU@iSjG),CN,4000,4.5
S15-ST32GRE-71,rs|RQO[VP (15KG),CN,15000,16
S15-ST32GRE-77,rs|RQO[VV (15KG),CN,15000,16
S15-ST32GRE-78,rs|RQO[VW (15KG),CN,15000,16
S15-ST32GRE-85,rs|RQO[WT (15KG),CN,15000,16
S15-ST32GRE-86,rs|RQO[WU (15KG),CN,15000,16
S15-ST32GRE-87,rs|RQO[WV (15KG),CN,15000,16
S15-ST32GRE-88,rs|RQO[WW (15KG),CN,15000,16
S15-ST32GRE-89,rs|RQO[WX (15KG),CN,15000,16
S15-ST32GRE-90,rs|RQO[XO (15KG),CN,15000,16
S15-ST32GRE-91,rs|RQO[XP (15KG),CN,15000,16
S15-ST32GRE-92,rs|RQO[XQ (15KG),CN,15000,16
S15-ST32GRE-93,rs|RQO[XR (15KG),CN,15000,16
S15-ST32GRE-94,rs|RQO[XS (15KG),CN,15000,16
S15-ST32GRE-95,rs|RQO[XT (15KG),CN,15000,16
S15-ST32GRE-96,rs|RQO[XU (15KG),CN,15000,16
S15-ST32GRE-97,rs|RQO[XV (15KG),CN,15000,16
S15-ST32GRE-98,rs|RQO[XW (15KG),CN,15000,16
S15-ST32GRE-99,rs|RQO[XX (15KG),CN,15000,16
S15-ST32G-T3,rs|RQFs|R (15KG),CN,15000,16
S15-ST32G-T5,rs|RQFs|T (15KG),CN,15000,16
S15-ST32G-V214,rs|RQFu|QPS (15KG),CN,15000,16
S15-ST32G-V308TK,rs|RQFu|ROW@(15KG),CN,15000,16
S15-ST32G-V607,rs|RQFu|UOV (15KG),CN,15000,16
S15-ST32G-Y15,rs|RQFx|PT (15KG),CN,15000,16
S15-ST32G-Y56,rs|RQFx|TU (15KG),CN,15000,16
S15-ST32G-Z109,rs|RQFy|POX (15KG),CN,15000,16
S15-ST32G-Z201,rs|RQFy|QOP (15KG),CN,15000,16
S15-ST32G-Z208TK,rs|RQFy|QOW(15KG),CN,15000,16
S15-ST32PNK,rs|RQsN (15KG),CN,15000,16
S15-ST32PNK-1,rs|RQsNP (15KG),CN,15000,16
S15-ST32PNK-18,rs|RQsNPW (15KG),CN,15000,16
S15-ST32PNK-22,rs|RQsNQQ (15KG),CN,15000,16
S15-ST32PNK-23,rs|RQsNQR (15KG),CN,15000,16
S15-ST32PNK-24,rs|RQsNQS (15KG),CN,15000,16
S15-ST32PNK-27,rs|RQsNQV (15KG),CN,15000,16
S15-ST32PNK-29,rs|RQsNQX (15KG),CN,15000,16
S15-ST32PNK-30,rs|RQsNRO (15KG),CN,15000,16
S15-ST32PNK-31,rs|RQsNRP (15KG),CN,15000,16
S15-ST32PNK-32,rs|RQsN@RQ@i15KG),CN,15000,16
S15-ST32PNK-33,rs|RQsN@RR@i15KG),CN,15000,16
S15-ST32PNK-34,rs|RQsN@RS@i15KG),CN,15000,16
S15-ST32PNK-35,rs|RQsNRT (15KG),CN,15000,16
S15-ST32PNK-36,rs|RQsNRU (15KG),CN,15000,16
S15-ST32PNK-37,rs|RQsNRV (15KG),CN,15000,16
S15-ST32PNK-38,rs|RQsNRW (15KG),CN,15000,16
S15-ST32PNK-39,rs|RQsNRX (15KG),CN,15000,16
S15-ST32PNK-4,rs|RQsN (SKG),CN,4000,4.5
S15-ST32PNK-40,rs|RQsNSO (15KG),CN,15000,16
S15-ST32PNK-41,rs|RQsNSP (15KG),CN,15000,16
S15-ST32PNK-4-24,rs|RQsNQS (4KG),CN,4000,4.5
S15-ST32PNK-43,rs|RQsNSR (15KG),CN,15000,16
S15-ST32PNK-4-33,rs|RQsNRRg (4KG),CN,4000,4.5
S15-ST32PNK-6,rs|RQsNU (15KG),CN,15000,16
S15-ST32RED-11,rs|RQbhPP (15KG),CN,15000,16
S15-ST32RED-18,rs|RQbhPW (15KG),CN,15000,16
S15-ST32RED-20,rs|RQbhQO (15KG),CN,15000,16
S15-ST32RED-34,rs|RQbhRS (15KG),CN,15000,16
S15-ST32RED-35,rs|RQbhRT (15KG),CN,15000,16
S15-ST32RED-37,rs|RQbhRV@(15KG),CN,15000,16
S15-ST32RED-39,rs|RQbhRX (15KG),CN,15000,16
S15-ST32RED-40,rs|RQbhSO (15KG),CN,15000,16
S15-ST32RED-42,rs|RQbhSQ (15KG),CN,15000,16
S15-ST32RED-43,rs|RQbhSR (15KG),CN,15000,16
S15-ST32RED-44,rs|RQbhSS (15KG),CN,15000,16
S15-ST32RED-4-43,rs|RQbhSR (4KG),CN,4000,4.5
S15-ST32RED-45,rs|RQbhST (15KG),CN,15000,16
S15-ST32RED-4-57,rs|RQbhTV (4KG),CN,4000,4.5
S15-ST32RED-46,rs|RQbhSU (15KG),CN,15000,16
S15-ST32RED-47,rs|RQbhSV (15KG),CN,15000,16
S15-ST32RED-4-71,rs|RQbhVP (4KG),CN,4000,4.5
S15-ST32RED-48,rs|RQbhSW (15KG),CN,15000,16
S15-ST32RED-49,rs|RQbhSX (15KG),CN,15000,16
S15-ST32RED-50,rs|RQbhTO (15KG),CN,15000,16
S15-ST32RED-51,rs|RQbhTP (15KG),CN,15000,16
S15-ST32RED-52,rs|RQbhTQ (15KG),CN,15000,16
S15-ST32RED-53,rs|RQbhTR (15KG),CN,15000,16
S15-ST32RED-54,rs|RQbhTS (15KG),CN,15000,16
S15-ST32RED-55,rs|RQbhTT (15KG),CN,15000,16
S15-ST32RED-56,rs|RQbhTU (15KG),CN,15000,16
S15-ST32RED-57,rs|RQbhTV (15KG),CN,15000,16
S15-ST32RED-58,rs|RQbhTW (15KG),CN,15000,16
S15-ST32RED-59,rs|RQbhTX (15KG),CN,15000,16
S15-ST32RED-60,rs|RQbhUO (15KG),CN,15000,16
S15-ST32RED-61,rs|RQbhUP (15KG),CN,15000,16
S15-ST32RED-63,rs|RQbhUR (15KG),CN,15000,16
S15-ST32RED-64,rs|RQbhUS (15KG),CN,15000,16
S15-ST32RED-66,rs|RQbhUU (15KG),CN,15000,16
S15-ST32RED-68,rs|RQbhUW (15KG),CN,15000,16
S15-ST32RED-69,ST-32bh69,CN,15000,16
S15-ST32RED-71,rs|RQbhVP (15KG),CN,15000,16
S15-ST32RED-72,rs|RQbhVQ (15KG),CN,15000,16
S15-ST32RED-FG2,rs|RQbhef|Q(15KG),CN,15000,16
S15-ST32RED-SA,rs|RQbhr` (15KG),CN,15000,16
S15-ST32VIO-11,rs|RQoCIbgPP(15KG),CN,15000,16
S15-ST32VIO-21,rs|RQoCIbhQP (15KG),CN,15000,16
S15-ST32VIO-24,rs|RQoCIbgQS (15KG),CN,15000,16
S15-ST32VIO-25,rs|RQoCIbgQT (15KG),CN,15000,16
S15-ST32VIO-32,rs|RQoCIbgRQ(15KG),CN,15000,16
S15-ST32VIO-35,rs|RQoCIbgRT(15KG),CN,15000,16
S15-ST32VIO-36,rs|RQoCIbgRU (15KG),CN,15000,16
S15-ST32VIO-37,rs|RQoCIbgRV (15KG),CN,15000,16
S15-ST32VIO-38,rs|RQoCIbgRW@(15KG),CN,15000,16
S15-ST32VIO-39,rs|RQoCIbgRX@(15KG),CN,15000,16
S15-ST32VIO-40,rs|RQoCIbgSO@(15KG),CN,15000,16
S15-ST32VIO-41,rs|RQoCIbgSP@(15KG),CN,15000,16
S15-ST32VIO-42,rs|RQoCIbgSQ@(15KG),CN,15000,16
S15-ST32VIO-43,rs|RQoCIbgSR@(15KG),CN,15000,16
S15-ST32VIO-4-34,rs|RQoCIbgRS (4KG),CN,4000,4.5
S15-ST32VIO-4-42,rs|RQoCIbgSQ (4KG),CN,4000,4.5
S15-ST32VIO-45,rs|RQoCIbgST (15KG),CN,15000,16
S15-ST32VIO-46,rs|RQoCIbgSU (15KG),CN,15000,16
S15-ST32VIO-48,rs|RQoCIbgSW@iPTsj,CN,15000,16
S15-ST32VIO-49,rs|RQoCIbgSX (15KG),CN,15000,16
S15-ST32VIO-4-RH,rs|RQoCIbgqg (4KG),CN,4000,4.5
S15-ST32VIO-5,rs|RQoCIbgT (15KG),CN,15000,16
S15-ST32VIO-RH,rs|RQoCIbgqg(15KG),CN,15000,16
S15-ST32YEL-3,rs|RQCG[R (15KG),CN,15000,16
S15-SY32BLU-4-88,rs|RQu[WW (4KG),CN,4000,4.5
S15-UT1210NG-N62TK,UT-210NFN-62(15KG),CN,15000,16
S15-UT210A-BRW-123TK,ts|QPO`uEPQR (15KG),CN,15000,16
S15-UT210A-BRW-84,ts|QPO`uEWS (15KG),CN,15000,16
S15-UT210A-CHR,ts|QPO`N[ (15KG),CN,15000,16
S15-UT210A-CHR-47,ts|QPO`N[SV (15KG),CN,15000,16
S15-UT210AG-14,ts|QPO`FPS (15KG),CN,15000,16
S15-UT210AG-26,ts|QPO`FQU (15KG),CN,15000,16
S15-UT210AG-75,ts|QPO`FVT (15KG),CN,15000,16
S15-UT210AG-89,ts|QPO`FWX (15KG),CN,15000,16
S15-UT210AG-96,ts|QPO`FXU (15KG),CN,15000,16
S15-UT210AG-97,ts|QPO`FXV (15KG),CN,15000,16
S15-UT210AG-A10,ts|QPO`F`|PO (15KG),CN,15000,16
S15-UT210AG-G,ts|QPO`Ff (15KG),CN,15000,16
S15-UT210AG-N12,ts|QPO`Fm|PQ (15KG),CN,15000,16
S15-UT210N-BLK-91,ts|QPOmubNXP (15KG),CN,15000,16
S15-UT210N-BRW-127,ts|QPOmuEPQV (15KG),CN,15000,16
S15-UT210N-BRW-131,ts|QPOmuEPRP (15KG),CN,15000,16
S15-UT210N-BRW-138TK,ts|QPOmuEPRW (4KG),CN,4000,4.5
S15-UT210N-BRW-2,ts|QPOmuEQ (15KG),CN,15000,16
S15-UT210N-BRW-84,ts|QPOmuEWS (15KG),CN,15000,16
S15-UT210N-BRW-96,ts|QPOmuEXU (15KG),CN,15000,16
S15-UT210N-CHR,ts|QPOmN[ (15KG),CN,15000,16
S15-UT210N-CHR-37,ts|QPOmN[RV (15KG),CN,15000,16
S15-UT210N-CHR-42,ts|QPOmN[SQ (15KG),CN,15000,16
S15-UT210N-CHR-55,ts|QPOmN[TT (15KG),CN,15000,16
S15-UT210N-CHR-60TK,ts|QPOmN[UO (15KG),CN,15000,16
S15-UT210N-CHR-63,ts|QPOmN[UR (15KG),CN,15000,16
S15-UT210NG-15-N45,ts|QPOmFm|ST (PTKG),CN,15000,16
S15-UT210NG-29,ts|QPOmFQX (15KG),CN,15000,16
S15-UT210NG-4-66,ts|QPOmF@UU (SKG),CN,4000,4.5
S15-UT210NG-60,ts|QPOmFQX (15KG),CN,15000,16
S15-UT210NG-66,ts|QPOmFUU (15KG),CN,15000,16
S15-UT210NG-9,ts|QPOmFX (15KG),CN,15000,16
S15-UT210NG-96,ts|QPOmFXU (15KG),CN,15000,16
S15-UT210NG-F53,ts|QPOmFe|TR (15KG),CN,15000,16
S15-UT210NG-G,ts|QPOmFf (15KG),CN,15000,16
S15-UT210NG-G2,ts|QPOmFf|Q (15KG),CN,15000,16
S15-UT210NG-N11,ts|QPOmFm|PP (15KG),CN,15000,16
S15-UT210NG-N12,ts|QPOmFm|PQ (15KG),CN,15000,16
S15-UT210NG-N18,ts|QPOmFm|PW (15KG),CN,15000,16
S15-UT210NG-N22,ts|QPOmFm|QQ (15KG),CN,15000,16
S15-UT210NG-N23,ts|QPOmFm|QR (15KG),CN,15000,16
S15-UT210NG-N24,ts|QPOmFm|QS (15KG),CN,15000,16
S15-UT210NG-N25,ts|QPOmFm|QT (15KG),CN,15000,16
S15-UT210NG-N26,ts|QPOmFm|QU (15KG),CN,15000,16
S15-UT210NG-N27,ts|QPOmFm|QV (15KG),CN,15000,16
S15-UT210NG-N29,ts|QPOmFm|QX (15KG),CN,15000,16
S15-UT210NG-N30,ts|QPOmFm|RO (15KG),CN,15000,16
S15-UT210NG-N32TK,ts|QPOmFm|RQ (15KG),CN,15000,16
S15-UT210NG-N33,ts|QPOmFm|RR (15KG),CN,15000,16
S15-UT210NG-N34TK,ts|QPOmFm|RS(15KG),CN,15000,16
S15-UT210NG-N35,ts|QPOmFm|RT (15KG),CN,15000,16
S15-UT210NG-N36,ts|QPOmFm|RU (15KG),CN,15000,16
S15-UT210NG-N37,ts|QPOmFm|RV (15KG),CN,15000,16
S15-UT210NG-N38TK,ts|QPOmFm|RW (15KG),CN,15000,16
S15-UT210NG-N39TK,ts|QPOmFm|RX (15KG),CN,15000,16
S15-UT210NG-N40TK,ts|QPOmFm|SO (15KG),CN,15000,16
S15-UT210NG-N41,ts|QPOmFm|SP (15KG),CN,15000,16
S15-UT210NG-N42TK,ts|QPOmFm|SQ (15KG),CN,15000,16
S15-UT210NG-N43,ts|QPOmFm|SR (15KG),CN,15000,16
S15-UT210NG-N44,ts|QPOmFm|SS (15KG),CN,15000,16
S15-UT210NG-N45,ts|QPOmFm|ST (SKG),CN,4000,4.5
S15-UT210NG-N45TK,ts|QPOmFm|ST (15KG),CN,15000,16
S15-UT210NG-N46,ts|QPOmFm|SU (15KG),CN,15000,16
S15-UT210NG-N47,ts|QPOmFm|SV (15KG),CN,15000,16
S15-UT210NG-N48,ts|QPOmFm|SW (15KG),CN,15000,16
S15-UT210NG-N49,ts|QPOmFm|SX (15KG),CN,15000,16
S15-UT210NG-N50,ts|QPOmFm|TO(15KG),CN,15000,16
S15-UT210NG-N51,ts|QPOmFm|TP (15KG),CN,15000,16
S15-UT210NG-N52,ts|QPOmFm|TQ (15KG),CN,15000,16
S15-UT210NG-N53,ts|QPOmFm|TR (15KG),CN,15000,16
S15-UT210NG-N54TK,ts|QPOmFm|TS (15KG),CN,15000,16
S15-UT210NG-N55TK,ts|QPOmFm|TT@(15KG),CN,15000,16
S15-UT210NG-N56,ts|QPOmFm|TU (15KG),CN,15000,16
S15-UT210NG-N57,ts|QPOmFm|TV (15KG),CN,15000,16
S15-UT210NG-N-57,ts|QPOmFm|TV(15KG),CN,15000,16
S15-UT210NG-N58TK,ts|QPOmFm|TW@(15KG),CN,15000,16
S15-UT210NG-N59,ts|QPOmFm|TX (15KG),CN,15000,16
S15-UT210NG-N60,ts|QPOmFm|UO (PTKG),CN,15000,16
S15-UT210NG-N61,ts|QPOmFm|UP (15KG),CN,15000,16
S15-UT210NG-N62TK,UT-210NFN-62@(15KG),CN,15000,16
S15-UT210NG-N63TK,ts|QPOmFm|UR@(15KG),CN,15000,16
S15-UT210NG-N64,ts|QPOmFm|US (15KG),CN,15000,16
S15-UT210NG-N65TK,ts|QPOmFm-UT (15KG),CN,15000,16
S15-UT210NG-N66TK,ts|QPOmFm|UU (15KG),CN,15000,16
S15-UT210NG-N67,ts|QPOmFm|UV (15KG),CN,15000,16
S15-UT210NG-N68TK,ts|QPOmFm|UW (15KG),CN,15000,16
S15-UT210N-RED-65,ts|QPOmbhUT (15KG),CN,15000,16
S15-UT210N-VIO-44,ts|QPOmoCIbgSS (15KG),CN,15000,16
S15-UV382BRW-125,tu|RWQuEPQT (15KG),CN,15000,16
S15-UV382CHR-59,tu|RWQN[TX(15KG),CN,15000,16
S15-UV382CHR-61,tu|RWQN[UP(15KG),CN,15000,16
S15-UV382CHR-64TK,tu|RWQN[US (15KG),CN,15000,16
S15-UV382G-F22,tu|RWQFe|QQ (15KG),CN,15000,16
S15-UV382G-U1,tu|RWQFt|P (15KG),CN,15000,16
S15-UV382RED-67,tu|RWQbhUV (15KG),CN,15000,16
S15-UV382RED-70,tu|RWQbhVOi15Kj,CN,15000,16
S1-AS5-CL,`r|TmoN[ (15KG),CN,15000,16
S1-AS5-CL-EX,`r|TmoN[ (UN/16KG),CN,16000,18
S1-AS5NPHNV-U,`r|Tmo gmu (15KG),CN,15000,16
S1-AS5TK-U,`r|TmoA_[ (15KG),CN,15000,16
S1-AS5TK-U-EX,`r|TmoA_[ (UN/16KG),CN,16000,18
S1-AS68-U,`r|UWmoA_[ (18gj,CN,14500,15.5
S1-AS68WIN-U,`r|UWmo~^A_[ (18g),CN,14500,15.5
S1-AS7TK10-3-U,`r|VmoA_[10:3(15KG),CN,15000,16
S1-AS7TK-U,`r|VmoA_[ (15KG),CN,15000,16
S1-AS7TK-U-EX,`r|VmoA_[(UN/16KG),CN,16000,18
S1-AS83-U,`r|WRmoQA_[ (15KG),CN,15000,16
S1-AS83-U-EX,`r|WRmoQA_[(UN/16KG),CN,16000,18
S1-AS87E2-U,`r|WVd|QA_[ (18gj,CN,14500,15.5
S1-AS87N-U,`r|WVmoA_[@(18gj,CN,14500,15.5
S1-AS87-U,`r|WVA_[ (18gj,CN,14500,15.5
S1-EMI-P,dlh@vC}[@iPTjfj,CN,15000,16
S1-E-U,d@A_[ (18gj,CN,14500,15.5
S1-K100-4-U,j|POOA_[ (4KG),CN,4000,4.5
S1-K100N-U,K-100NPްi15KGj,CN,15000,16
S1-K100-U,j|POOA_[ (16KG),CN,16000,17
S1-K150N-U,j|PTOmoA_[ (18gj,CN,14500,15.5
S1-K173N-U,j|PVRmoA_[ (15KG),CN,15000,16
S1-K173N-U-EX,j|PVRmoA_[ (UN/17KG),CN,17000,19
S1-K173-U,j|PVRA_[ (15KG),CN,15000,16
S1-K173-U-EX,j|PVRA_[ (UN/17KG),CN,17000,19
S1-PC2000N30-U,ob|QOOOm|ROA_[ (15KG),CN,15000,16
S1-PC2000-U,ob|QOOOA_[ (15KG),CN,15000,16
S1-PC2000-U-EX,ob|QOOOA_[@iUN/17Kfj,CN,17000,19
S1-PP33-U,oo|RRmoA_[@(15KG),CN,15000,16
S1-PP44-U,oo|SSmoA_[ (15KG),CN,15000,16
S1-TEST-ABC,`ab gbv (15KG),CN,15000,16
S1-X79L-U,w|VX|kA_[@(15KG),CN,15000,16
S1-X79N-U,w|VXmoA_[@(15KG),CN,15000,16
S2-SENRY-14-BLK,t@ubN (14KG),CN,14000,15
S2-SENRY-14-BLU,t@u[ (14KG),CN,14000,15
S2-SENRY-14-ORA,t@IW (14KG),CN,14000,15
S2-SENRY-14-PNK,t@sN (14KG),CN,14000,15
S2-SENRY-14-RED,t@bh (14KG),CN,14000,15
S2-SENRY-14-YEL,t@CG[ (14KG),CN,14000,15
S2-SENRY-1-BLK-LQ,tubN (1KG),CN,1000,1.2
S2-SENRY-1-PNK,t@sN (1KG),CN,1000,1.2
S2-SENRY-BLK,t@ubN (4KG),CN,4000,4.5
S2-SENRY-BLU,t@u[ (4KG),CN,4000,4.5
S2-SENRY-BLU-LQ,t@u[kp (4KG),CN,4000,4.5
S2-SENRY-BRW,t@uE (4KG),CN,4000,4.5
S2-SENRY-ORA,t@IW (4KG),CN,4000,4.5
S2-SENRY-PNK,t@sN (4KG),CN,4000,4.5
S2-SENRY-RED,t@bh (4KG),CN,4000,4.5
S2-SENRY-RED4,t@bhad|S (4KG),CN,4000,4.5
S2-SENRY-RED-LQ,t@bhkp (4KG),CN,4000,4.5
S2-SENRY-RHS,t@qgr (4KG),CN,4000,4.5
S2-SENRY-ST32G-D916,tST-32FD-916p@iSKG),CN,4000,4.5
S2-SENRY-UT2G,t ts|QpF (4KG),CN,4000,4.5
S2-SENRY-UV382CHR-61,tUV-382۰61p@iSjG),CN,4000,4.5
S2-SENRY-VIO,t@oCIbg (4KG),CN,4000,4.5
S2-SENRY-VIO-43,t@oCIbg43 (PKG),CN,1000,1.2
S2-SENRY-YEL,t@CG[ (4KG),CN,4000,4.5
S2-ST10-4-T,ST-10M gbv(4kg),CN,4000,4.5
S2-ST10-T,rs|POlgbv (16g),CN,13500,14.5
S2-ST18-T,rs|PWkgbv (16g),CN,13500,14.5
S2-ST20-T,rs|QOlgbv (15KG),CN,15000,16
S2-ST32-4-T,rs|RQgbv (4KG),CN,4000,4.5
S2-ST32HC-T,rs|RQgbgbviPTjfj,CN,15000,16
S2-ST32HNV-T,rs|RQgmu(10:9)gbv (15KG),CN,15000,16
S2-ST32-T,rs|RQgbv (15KG),CN,15000,16
S2-ST32-T-EX,rs|RQgbv (UN/16KG),CN,16000,18
S2-UT210A-T,ts|QPO`gbv (15KG),CN,15000,16
S2-UT210N-T,ts|QPOmgbv (15KG),CN,15000,16
S2-UT2A-T,ts|Q@`t (15KG),CN,15000,16
S2-UT2B-T,ts|Q@at (3.75KG),CN,75000,4.25
S3-BP50-4-U,ao|TO@A_[@iSKGj,CN,4000,4.5
S3-BP50-U,ao|TOA_[ (15KG),CN,15000,16
S3-BP50-U-EX,ao|TO A_[ (UN/17KG),CN,17000,19
S3-BP80A-U-EX,ao|WO `t (UN/17KG),CN,17000,19
S3-BP80B-U-EX,ao|WO at (UN/16KG),CN,16000,18
S3-FG3000-U,ef|ROOOA_[ (15KG),CN,15000,16
S3-FG3000-U-EX,ef|ROOOA_[ (UN/17KG),CN,17000,19
S3-FG4000-U,ef|SOOOA_[ (15KG),CN,15000,16
S3-FK13S1-U,ej|PRrtA_[ (13KG),CN,13000,14
S3-FK13S1-U-EX,ej|PRrtA_[ (UN/15KG),CN,15000,17
S3-FK13S1-U-EX-ENG,ej|PRrtA_[ (UN/15KG),CN,15000,17
S3-FK13S1-U-EX-KR,ej|PRrtA_[ (UN/15KG),CN,15000,17
S3-FK13S1-U-EX-THI,ej|PRrtA_[ (UN/15KG),CN,15000,17
S3-FK13SA-U-EX,ej|PRr@`t (UN/16KG),CN,16000,18
S3-FK13SB-U-EX,ej|PRr at (UN/13KG),CN,13000,15
S3-FK13SKA-U,ej|PRr() `t (15KG),CN,15000,16
S3-FK13SKA-U-EX,ej|PRr() `t (UN/15KG),CN,15000,17
S3-FK13SKA-U-EX-ENG,ej|PRr() `t (UN/15KG),CN,15000,17
S3-FK13SKA-U-EX-THI,ej|PRr() `t (UN/15KG),CN,15000,17
S3-FK13SKB-U,ej|PRr() at (12KG),CN,12000,13
S3-FK13SKB-U-EX,ej|PRr() at (UN/13KG),CN,13000,15
S3-FK13SKB-U-EX-ENG,ej|PRr() at (UN/13KG),CN,13000,15
S3-FK13SKB-U-EX-THI,ej|PRr() at (UN/13KG),CN,13000,15
S3-HDT01-U-EX,gcs|OP (UN/15KG),CN,15000,17
S3-IT81-U,hs|WP A_[ (15KG),CN,15000,16
S3-KT3A-U,js|R@`t (15KG),CN,15000,16
S3-KT3A-U-EX,js|R@`t (UN/17KG),CN,17000,19
S3-KT3B-U,js|R@at (15KG),CN,15000,16
S3-KT3B-U-EX,js|R@at (UN/16KG),CN,16000,18
S3-KT3B-U-EX-THI,js|R@at (UN/16KG),CN,16000,18
S3-KT3C-U-EX,js|R@bt (UN/16KG),CN,16000,18
S3-KT3C-U-EX-THI,js|R@bt (UN/16KG),CN,16000,18
S3-KT3-TH,js|R@Vi[ (3KG),CN,3000,3.5
S3-N300A-U-EX,m|ROO@`t@(UN/17KG),CN,17000,19
S3-N300B-U-EX,m|ROO@at@(UN/17KG),CN,17000,19
S3-N300-U,m|ROO@A_[@(15KG),CN,15000,16
S3-N404K2A-U-EX,m|SOSjQ@`t (UN/17KG),CN,17000,19
S3-N404K2A-U-EX-ENG,m|SOSjQ@`t (UN/17KG),CN,17000,19
S3-N404K2A-U-EX-THI,m|SOSjQ@`t (UN/17KG),CN,17000,19
S3-N404K2B-U-EX,m[SOSjQ@at (UN/17KG),CN,17000,19
S3-N404K2B-U-EX-ENG,m[SOSjQ@at (UN/17KG),CN,17000,19
S3-N404K2B-U-EX-THI,m[SOSjQ@at (UN/17KG),CN,17000,19
S3-N404K2-U,m|SOSiQjA_[ (15KG),CN,15000,16
S3-N404K2-U-15-EX,m|SOSiQjA_[ (UN/15KG),CN,15000,17
S3-N404K2-U-EX,m|SOSjQA_[ (UN/17KG),CN,17000,19
S3-N404-U,m|SOS A_[ (15KG),CN,15000,16
S3-SITANURI-U,hpA_[ (15KG),CN,15000,16
S3-STH350A-14-U-EX,rsg|RTO` (UN/14KG),CN,14000,16
S3-STH350A-U-EX,rsg|RTO `t (UN/17KG),CN,17000,19
S3-STH350B-U-EX,rsg|RTO at (UN/16KG),CN,16000,18
S3-STH350M-1-U,rsg|RTOlA_[ (1KG),KG,1000,1.0667
S3-STH350M-U,rsg|RTOlA_[ (15KG),CN,15000,16
S3-STH380A-U-EX,rsg|RWO `t (UN/17KG),CN,17000,19
S3-STH380B-U-EX,rsg|RWO at (UN/16KG),CN,16000,18
S3-STH380M-1-U,rsg|RWOlA_[ (1KG),KG,1000,1.0667
S3-STH380M-U,rsg|RWOlA_[ (15KG),CN,15000,16
S3-STH380UA-U-EX,rsg|RWOt `t (UN/16KG),CN,16000,18
S3-STH380UB-U-EX,rsg|RWOt at (UN/15KG),CN,15000,17
S3-STH501M-1-U,rsg|TOPlA_[ (1KG),KG,1000,1.0667
S3-STH501M-TNK,rsg|TOPlY (4KG),CN,4000,4.5
S3-STH501M-U,rsg|TOPl A_[ (15KG),CN,15000,16
S3-STH501M-U-EX,rsg|TOPlA_[ (UN/17KG),CN,17000,19
S3-STR120-1-U,rsq|PQOA_[ (1KG),KG,1000,1.0667
S3-STR120-U,rsq|PQOA_[ (15KG),CN,15000,16
S3-STR120-U-EX,rsq|PQO@iUN/17KGj,CN,17000,19
S4-AASA-U,``rP `t (15KG),CN,15000,16
S4-AASA-U-EX,``rP `t (UN/17KG),CN,17000,19
S4-AASA-U-EX-ENG,``rP `t (UN/17KG),CN,17000,19
S4-AASA-U-EX-THI,``rP `t (UN/17KG),CN,17000,19
S4-AASB-U,``rP at (15KG),CN,15000,16
S4-AASB-U-EX,``rP at (UN/19KG),CN,19000,21
S4-AASB-U-EX-ENG,``rP at (UN/19KG),CN,19000,21
S4-AASB-U-EX-THI,``rP at (UN/19KG),CN,19000,21
S4-DPU42A-U,cot|SQ `t (15KG),CN,15000,16
S4-DPU42B-U,cot|SQ at (15KG),CN,15000,16
S4-HPU2A1-U-EX,got|Q `Pt (UN/17KG),CN,17000,19
S4-HPU2A2-U-EX,got|Q `Qt (UN/17KG),CN,17000,19
S4-HPUA-U-EX,got|Q `t (UN/17KG),CN,17000,19
S4-HPUB-U-EX,got|Q at (UN/17KG),CN,17000,19
S4-IKS001A-U-EX,hjr|OOP@`@iUN/17KGj,CN,17000,19
S4-IKS001B-U-EX,hjr|OOP@a@iUN/17KGj,CN,17000,19
S4-K560A-4-U-EX,j|TUO `t (4KGj,CN,4000,4.5
S4-K560A-U,j|TUO `t (15KG),CN,15000,16
S4-K560A-U-EX,j|TUO `t (UN/17KG),CN,17000,19
S4-K560A-U-EX-CPC,j|TUO`t (UN/17KG),CN,17000,19
S4-K560B-4-U,j|TUO at (4KG),CN,4000,4.5
S4-K560B-4-U-EX,j|TUO at (4KGj,CN,4000,4.5
S4-K560B-U,j|TUO at (15KG),CN,15000,16
S4-K560B-U-EX,j|TUO at (UN/17KG),CN,17000,19
S4-K560B-U-EX-CPC,j|TUOat (UN/17KG),CN,17000,19
S4-K706CLA-3-U-EX,j|VOUbk@` (UN/3KG),CN,3000,3.5
S4-K706CLA-U,j|VOUbk `t (14KG),CN,14000,15
S4-K706CLA-U-EX,j|VOUbk `t (UN/17KG),CN,17000,19
S4-K706CLA-U-EX-THI,j|VOUbk `t (UN/17KG),CN,17000,19
S4-K706CLB-U,j|VOUbk at (14KG),CN,14000,15
S4-K706CLB-U-EX,j|VOUbk at (UN/17KG),CN,17000,20
S4-K706CLB-U-EX-THI,j|VOUbk at (UN/17KG),CN,17000,19
S4-K706CLC-3-U-EX,j|VOUbk@b (UN/3KG),CN,3000,3.5
S4-K706CLC-4-U,j|VOUbk bt (4KG),CN,4000,4.5
S4-K706CLC-U,j|VOUbk bt (14KG),CN,14000,15
S4-K706CLC-U-EX,j|VOUbk bt (UN/16KG),CN,16000,18
S4-K706CLC-U-EX-THI,j|VOUbk bt (UN/16KG),CN,16000,18
S4-K706CLK2A-U,j|VOUbk(Q)`t (14KG),CN,14000,15
S4-K706CLKA-3-U-EX,j|VOUbkij`t@iRjGj,CN,3000,3.5
S4-K706CLKA-U,j|VOUbk() `t (14KG),CN,14000,15
S4-K706CLKA-U-EX,j|VOUbk(j`t (UN/17KG),CN,17000,19
S4-K706CLKB-U,j|VOUbkijat (14KG),CN,14000,15
S4-K706CLKB-U-EX,j|VOUbk() at (UN/17KG),CN,17000,20
S4-K706CLKC-3-U-EX,j|VOUbkijbt@iRjGj,CN,3000,3.5
S4-K706CLKC-4-U,j|VOUbk() bt (4KG),CN,4000,4.5
S4-K706CLKC-U,j|VOUbkijbt (14KG),CN,14000,15
S4-K706CLKC-U-EX,j|VOUbki) bt (UN/16KG),CN,16000,18
S4-K706GRA-U,j|VOUfq `t (14KG),CN,14000,15
S4-K706GRA-U-EX,j|VOUfq `t (UN/17KG),CN,17000,19
S4-K706GRA-U-EX-ENG,j|VOUfq `t (UN/17KG),CN,17000,19
S4-K706GRB-U,j|VOUfq at (14KG),CN,14000,15
S4-K706GRB-U-EX,j|VOUfq at (UN/17KG),CN,17000,20
S4-K706GRB-U-EX-ENG,j|VOUfq at (UN/17KG),CN,17000,19
S4-K706GRC-U,j|VOUfq bt (14KG),CN,14000,15
S4-K706GRC-U-EX,j|VOUfq bt (UN/16KG),CN,16000,18
S4-K706GRC-U-EX-ENG,j|VOUfq bt (UN/16KG),CN,16000,18
S4-K706GRNA-U,j|VOUfqm@`t (14KG),CN,14000,15
S4-K706WHA-U,j|VOUvg `t (14KG),CN,14000,15
S4-K900A-U,j|XOO `t (15KG),CN,15000,16
S4-K900A-U-EX,j|XOO `t (UN/17KG),CN,17000,19
S4-K900B-U,j|XOO at (15KG),CN,15000,16
S4-K900B-U-EX,j|XOO at (UN/17KG),CN,17000,19
S4-KS021A-U,jr|OQP@`t@iPTjfj,CN,15000,16
S4-KS021B-U,jr|OQP@at@iPTjfj,CN,15000,16
S4-KS042A-U,jr|OSQ@`t@iPTjfj,CN,15000,16
S4-KS042A-U-EX,jr|OSQ `t (UN/17KG),CN,17000,19
S4-KS042B-U,jr|OSQ@at@iPTjfj,CN,15000,16
S4-KS042B-U-EX,jr|OSQ at (UN/17KG),CN,17000,19
S4-M160A-U,l|PUO `t (15KG),CN,15000,16
S4-M160B-U,l|PUO at (15KG),CN,15000,16
S4-MUHA-4-U,ltgQ `t (4KG),CN,4000,4.5
S4-MUHA-U,ltgQ `t (15KG),CN,15000,16
S4-MUHB-4-U,ltgQ at (4KG),CN,4000,4.5
S4-MUHB-U,ltgQ at (15KG),CN,15000,16
S4-PL037A-U,ok|ORV@`t@iPTjfj,CN,15000,16
S4-PL037B-U,ok|ORV@at@iPTjfj,CN,15000,16
S4-PP553A-U,oo|TTR `t (1SKG),CN,14000,15
S4-PP553B-U,oo|TTR at (14KG),CN,14000,15
S4-PPR82A-U,ooq|WQ `t (15KG),CN,15000,16
S4-PPR82A-U-EX,ooq|WQ `t (UN/18KG),CN,18000,20
S4-PPR82A-U-EX-THI,ooq|WQ `t (UN/18KG),CN,18000,20
S4-PPR82B-U,ooq|WQ at (15KG),CN,15000,16
S4-PPR82B-U-EX,ooq|WQ at (UN/18KG),CN,18000,20
S4-PPR82B-U-EX-THI,ooq|WQ at (UN/18KG),CN,18000,20
S4-PPR82C-U,ooq|WQ bt (14KG),CN,14000,15
S4-S001A-U-EX,r|OOP@`@iUN/17KGj,CN,17000,19
S4-S001B-U-EX,r|OOP@a@iUN/17KGj,CN,17000,19
S4-SR001A-U-EX,rq|OOP@`@iUN/17KGj,CN,17000,19
S4-SR001B-U-EX,rq|OOP@a@iUN/17KGj,CN,17000,19
S4-STR80A-1-U,rsq|WO@`t@i1KGj,KG,1000,1.0667
S4-STR80A-U,rsq|WO@`t@i14KGj,CN,14000,15
S4-STR80A-U-EX,rsq|WO@`@iUN/16KGj,CN,16000,18
S4-STR80B-1-U,rsq|WO@at@i1KGj,KG,1000,1.0667
S4-STR80B-U,rsq|WO@at@i14KGj,CN,14000,15
S4-STR80B-U-EX,rsq|WO@a@iUN/16KGj,CN,16000,18
S4-STUPHA-1-U,rs|tog `t@i1KGj,KG,1000,1.0667
S4-STUPHA-U,rs|tog `t (15KG),CN,15000,16
S4-STUPHA-U-EX,rs|tog `t (UN/17KG),CN,17000,19
S4-STUPHB-1-U,rs|tog at@i1KGj,KG,1000,1.0667
S4-STUPHB-U,rs|tog at (15KG),CN,15000,16
S4-STUPHB-U-EX,rs|tog at (UN/17KG),CN,17000,19
S4-SU100A-U-EX,rt|POO `t (UN/17KG),CN,17000,19
S4-SU100B-U-EX,rt|POO at (UN/18KG),CN,18000,20
S4-SU100HA-1-U,rt|POOgmu `t (1KG),KG,1000,1.0667
S4-SU100HA2-U-EX,rt|POOgmu `QtiUN/17KGj,CN,17000,19
S4-SU100HA-U,rt|POOgmu `t (15KG),CN,15000,16
S4-SU100HA-U-EX,rt|POOgmu `t (UN/17KGj,CN,17000,19
S4-SU100HB-1-U,rt|POOgmu at (1KG),KG,1000,1.0667
S4-SU100HB-U,rt|POOgmu at (15KG),CN,15000,16
S4-SU100HB-U-EX,rt|POOgmu at (UN/17KGj,CN,17000,19
S4-SU930A-1-U,rt|XRO `t (1KG),KG,1000,1.0667
S4-SU930A-U,rt|XRO `t (15KG),CN,15000,16
S4-SU930A-U-EX,rt|XRO `t iUN^18KGj,CN,18000,20
S4-SU930B-1-U,rt|XRO at (1KG),KG,1000,1.0667
S4-SU930B-U,rt|XRO at (15KG),CN,15000,16
S4-SU930B-U-EX,rt|XRO at (UN/18KGj,CN,18000,20
S4-UR800A-U,EbgWOO `t (16KG),CN,16000,17
S4-UR800B-4-U,EbgWOO at (4KG),CN,4000,4.5
S4-UR800B-U,EbgWOO at (16KG),CN,16000,17
S4-URPA-U-EX,Ebgo `t (UN/17KG),CN,17000,19
S4-URPB-U-EX,Ebgo at (UN/17KG),CN,17000,19
S5-593P-T,TXRvp[ (16KG),CN,16000,17
S5-593P-T-EX,TXRvp[ (UN/17KG),CN,17000,19
S5-593P-T-EX-THI,TXRvp[ (UN/17KG),CN,17000,19
S5-FA3-T,e`|R gbv (14KG),CN,14000,15
S5-FK2K1-T,ej|Q()NO1 gbv (15KG),CN,15000,16
S5-FK2K1-T-EX,ej|Q()P gbv (UN/17KG),CN,17000,19
S5-FK2K1-T-EX-ENG,ej|Q()P gbv (UN/17KG),CN,17000,19
S5-FK2KBL02-T,ej|Qijٰį(0.2) (4KG),CN,4000,4.5
S5-FK2KBL05-T,ej|Q()ٰį(0.5) (4KG),CN,4000,4.5
S5-FK2KBL-15-T,ej|Q()ٰį(1.0) (15KG),CN,15000,16
S5-FK2KBL30-T-EX,ej|Q()ٰį(3.0) (4KG),CN,4000,4.5
S5-FK2KBL3-17-T-EX,ej|Q()ٰį(3.0) (UN/17KGj),CN,17000,19
S5-FK2KBL-T,ej|Q()ٰį(1.0) (4KG),CN,4000,4.5
S5-FK2KBL-T-EX,ej|Q()ٰį(1.0) (4KG),CN,4000,4.5
S5-FK2KSG-T,ej|Q()Ǘpgbv (15KG),CN,15000,16
S5-FK2K-T-EX,ej|Q() gbv (UN/17KG),CN,17000,19
S5-FK2K-T-EX-THI,ej|Q() gbv (UN/17KG),CN,17000,19
S5-RT130-T,qs|PRO gbv (14KG),CN,14000,15
S5-RT140-T,qs|PSO gbv (14KG),CN,14000,15
S5-RT140-T-EX,qs|PSO gbv (UN/17KG),CN,17000,19
S5-RT160-T,qs|PUO gbv (14Kg),CN,14000,15
S5-RT160-T-EX,qs|PUO (UN/15KG),CN,15000,17
S5-RT175KSM-T,qs|PVT()S(100:0.5) (14KG),CN,14000,15
S5-RT175K-T,qs|PVT() gbv (14KG),CN,14000,15
S5-RT175K-T-EX,qs|PVT() gbv (UN/15KG),CN,15000,17
S5-RT186BL15-T,qs|PWUٰį(1.5)|P (14KG),CN,14000,15
S5-RT186BL5-T,qs|PWUٰį(0.5)1(4KG),CN,4000,4.5
S5-RT186BL5-T-EX,qs|PWUٰį(0.5)1(UN^17KGj,CN,17000,20
S5-RT186-T,qs|PWU gbv (14KG),CN,14000,15
S5-RT186-T-EX,qs|PWU gbv (UN/17KG),CN,17000,19
S5-RT186-T-EX-ENG,qs|PWU gbv (UN/17KG),CN,17000,19
S5-RT186-T-EX-THI,qs|PWU gbv (UN/17KG),CN,17000,19
S5-RT240R-1-T,qs|QSOq gbv (1KG),KG,1000,1.0667
S5-RT240R-4-T,qs|QSOqgbv (4KG),CN,4000,4.5
S5-RT240R-4-T-EX,qs|QSOq gbv i4KGj,CN,4000,4.5
S5-RT240R-T,qs|QSOq gbv (14KG),CN,14000,15
S5-RT240R-T-EX,qs|QSOq gbv (UN/16KG),CN,16000,18
S5-RT25-1-T,qs|QT gbv (1KG),KG,1000,1.0667
S5-RT25-4-T,qs|QT gbv (4KG),CN,4000,4.5
S5-RT25SM4-T,qs|QT X[N(100:8j (SKG),CN,4000,4.5
S5-RT25SM-T,qs|QT X[N (15KG),CN,15000,16
S5-RT25-T,qs|QT gbv (15KG),CN,15000,16
S5-RT25-T-EX,qs|QT gbv (UN/16KG),CN,16000,18
S5-RT26KBL3-4-T,qs|QUijٰį(3.0)@(4KG),CN,4000,4.5
S5-RT26KBL3-T,qs|QUijٰį(3.0)i14KG),CN,14000,15
S5-RT26K-T,qs|QU() gbv (14KG),CN,14000,15
S5-RT26K-T-EX,qs|QU() gbv (UN/15KG),CN,15000,17
S5-RT26SM-T,qs|QU()241NӰ (4KG),CN,4000,4.5
S5-RT300-1-T,qs|ROO@gbv (1KG),KG,1000,1.0667
S5-RT300-T,qs|ROO gbv (14KG),CN,14000,15
S5-RT320-1-T,qs|RQO gbv (1KGj,KG,1000,1.0667
S5-RT320-T,qs|RQO gbv (14KG),CN,14000,15
S5-RT320-T-EX,qs|RQO@iUN/16KGj,CN,16000,18
S5-RT351G-T,qs|RTPGG3 gbv (4KG),CN,4000,4.5
S5-RT35M-1-T,qs|RTl gbv (1KG),KG,1000,1.0667
S5-RT35M-T,qs|RTl gbv (16KG),CN,16000,17
S5-RT35M-T-EX,qs|RTl gbv (UN/17KGj,CN,17000,19
S5-RT400-1-T,qs|SOO gbv (1KGj,KG,1000,1.0667
S5-RT4002-T,qs|SOOUgbv (14KG),CN,14000,15
S5-RT4002-T-EX,qs|SOOU gbv (UN/16KG),CN,16000,18
S5-RT400-T,qs|SOO gbv (14KG),CN,14000,15
S5-RT40M-T,qs|SOl gbv (15KG),CN,15000,16
S5-RT40-T-EX,qs|SO gbv (UN/17KG),CN,17000,19
S5-RT45-T,qs|ST gbv (14KG),CN,14000,15
S5-RT45-T-EX,qs|ST gbv (UN/17KG),CN,17000,19
S6-KV38-U,ju|RWA_[ (15KG),CN,15000,16
S6-MB20K2-U,la|QOjQ (15KG),CN,15000,16
S6-MB20K-U,la|QOijA_[ (15KG),CN,15000,16
S6-RC19-U,qb|PXA_[ (15KG),CN,15000,16
S6-SV2120-U,ruQPQO A_[ (15KG),CN,15000,16
S6-SV29A-U-EX,ru|QX `t (UN/17KGj,CN,17000,19
S6-SV29B-U-EX,ru|QX at (UN/17KG),CN,17000,19
S6-SV29-U,ru|QXA_[ (15KG),CN,15000,16
S6-SV3400-1-U,ru|RSOO A_[ (1KG),KG,1000,1.0667
S6-SV3400A2-U-EX,ru|RSOO `Qt (UN/17KG),CN,17000,19
S6-SV3400A-U-EX,ru|RSOO `t (UN/17KG),CN,17000,19
S6-SV3400B-U-EX,ru|RSOO at (UN/17KG),CN,17000,19
S6-SV3400-U,ru|RSOO A_[ (15KG),CN,15000,16
S6-SV35002-5050-1-U,ru|RTOO|U(50:50)A_[(1KG),KG,1000,1.0667
S6-SV35002-5050-U,ru|RTOO|U(50:50)A_[(15KG),CN,15000,16
S6-SV3500-2A-U-EX,ru|RTOO-U `t (UN/17KG),CN,17000,19
S6-SV3500-2B-U-EX,ru|RTOO-U at (UN/17KG),CN,17000,19
S6-SV35002K-1-U,ru|RTOO|UA_[ (1KG),KG,1000,1.0667
S6-SV35002K-U,ru|RTOO[UA_[ (15KG),CN,15000,16
S6-SV35002R-U,ru|RTOO|UqA_[ (15KG),CN,15000,16
S6-SV35002-U,ru|RTOO-U A_[ (15KG),CN,15000,16
S6-SV3600A-U-EX,ru|RUOO `t (UN/17KG),CN,17000,19
S6-SV3600B-U-EX,ru|RUOO at (UN/17KG),CN,17000,19
S6-SV3600-U-EX,ru|RUOO (UN/17KG),CN,17000,19
S6-SV3700-1-U,ru|RVOO@A_[ (1KG),KG,1000,1.0667
S6-SV3700-U,ru|RVOO@A_[ (15KG),CN,15000,16
S6-SV3800-1-U,ru|RWOOA_[@i1KGj,KG,1000,1.0667
S6-SV3800A-U-EX,ru|RWOO `@(UN/17KG),CN,17000,19
S6-SV3800B-U-EX,ru|RWOO a@(UN/17KG),CN,17000,19
S6-SV3800L-1-U,ru|RWOOk@A_[@i1KGj,KG,1000,1.0667
S6-SV3800LA-U-EX,ru|RWOOk@` (UN/17KG),CN,17000,19
S6-SV3800LB-U-EX,ru|RWOOk@a@(UN/17KG),CN,17000,19
S6-SV3800L-U,ru|RWOOk@A_[ (15KG),CN,15000,16
S6-SV3800-U,ru|RWOO@A_[ (15KG),CN,15000,16
S6-SV38LC-U,ru|RWkb@A_[ (15KG),CN,15000,16
S6-SV40HV-1-U,ru|SOSxpA_[ (1KG),KG,1000,1.0667
S6-SV40HV-U,ru|SOSxA_[ (15KG),CN,15000,16
S6-SV450036-U,ru|STOO|RU@A_[ (15KG),CN,15000,16
S6-SV4500-U,ru|STOO@A_[ (15KG),CN,15000,16
S6-SV5000K-U,ru|TOOOe A_[ (15KG),CN,15000,16
S6-SV5000-U,ru|TOOOe A_[ (15KG),CN,15000,16
S6-SV6000-U,ru|UOOOeA_[@(15KGj,CN,15000,16
S6-SV9000A-1-U-EX,ru|XOOO@`t@i1KGj,KG,1000,1.1177
S6-SV9000A-U-EX,ru|XOOO@`t@iUN/17KGj,CN,17000,20
S6-SV9000B-1-U-EX,ru|XOOO@at@i1KGj,KG,1000,1.1177
S6-SV9000B-U-EX,ru|XOOO@at@iUN/17KGj,CN,17000,19
S6-SVBMC-U,ru|albA_[ (15KG),CN,15000,16
S6-SVPETC-U,ru|ods|b@A_[ (15KG),CN,15000,16
S6-SV-PET-C-U,ru|RWkb@A_[ (15KG),CN,15000,16
S6-SVPETR-U,ru|ods|qA_[ (15KG),CN,15000,16
S6-UV200A-U-EX,tu|QOOj `t (UN/17KG),CN,17000,19
S6-UV200B-U-EX,tu|QOOj at (UN/17KG),CN,17000,19
S6-UV200-U-EX,tu|QOOj A_[ (UN/17KG),CN,17000,19
S6-UV20A-U,tu|QOڐ1 `t (15KG),CN,15000,16
S6-UV20B-U,tu|QOgp at (4KG),CN,4000,4.5
S6-UV23R-U,tu|QRq A_[ (15KG),CN,15000,16
S6-UV23R-U-EX,tu|QRq A_[ (UN/17KG),CN,17000,19
S6-UV23TNK,tu|QR Y (900G),CN,900,1
S6-UV23TNK-EX,tu|QR Y (UN/17KG),CN,17000,19
S6-UV253-1-U,tu|QTR A_[ (1KG),KG,1000,1.0667
S6-UV253MK-U,tu|QTRlj@A_[ (15KG),CN,15000,16
S6-UV253-U,tu|QTR A_[ (15KG),CN,15000,16
S6-UV253-U-EX,tu|QTR A_[ (UN/17KG),CN,17000,19
S6-UV270-U,tu|QVO A_[ (15KG),CN,15000,16
S6-UV280-4-U,tu|QWO A_[ (4KG),CN,4000,4.5
S6-UV280-U,tu|QWO A_[ (15KG),CN,15000,16
S6-UV300A-U-EX,tu|ROO `t (UN/17KG),CN,17000,19
S6-UV300B-U-EX,tu|ROO at (UN/17KG),CN,17000,19
S6-UV304K2L-U,tu|ROSQk@A_[ (15KG),CN,15000,16
S6-UV305-U,tu|ROTA_[ (15KG),CN,15000,16
S6-UV305VF-U,tu|ROTuePDTA_[ (15KG),CN,15000,16
S6-UV355-U,tu|RTT@A_[ (15KG),CN,15000,16
S6-UV35K3HNV-U,tu|RTRgmu A_[ (15KG),CN,15000,16
S6-UV35K3-U,tu|RTR A_[ (15KG),CN,15000,16
S6-UV35-U,tu|RT A_[ (15KG),CN,15000,16
S6-UV361A-U-EX,tu|RUP@`@iUN/17KGj,CN,17000,19
S6-UV361B-U-EX,tu|RUP a@(UN/17KG),CN,17000,19
S6-UV361HNV-U,tu|RUPgmu@A_[ (15KG),CN,15000,16
S6-UV361MH-U-EX,tu|RUPlg (17KG/UN),CN,17000,19
S6-UV361T5-U,tu|RUPsTA_[ (15KG),CN,15000,16
S6-UV361-U,tu|RUP@A_[ (15KG),CN,15000,16
S6-UV361-U-EX,tu|RUP@A_[ (tm^PVjfj,CN,17000,19
S6-UV371A-U-EX,tu|RVP@`@iUN/17KGj,CN,17000,19
S6-UV371B-U-EX,tu|RVP a@(UN/17KG),CN,17000,19
S6-UV382K-T,tu|RWQijgbv (15KG),CN,15000,16
S6-UV382SM1005-4-T,tu|RWQX[Ngbv(100:5) (4KG),CN,4000,4.5
S6-UV382-T,tu|RWQ gbv (15KG),CN,15000,16
S6-UV382-T-EX,tu|RWQ gbv (UN/18KG),CN,18000,20
S6-UV455-U,tu|STTA_[ (15KG),CN,15000,16
S6-UV471-U,tu|SVP@A_[ (15KG),CN,15000,16
S6-UV542BB-U,tu|TSQaaA_[ (15KG),CN,15000,16
S6-UV542KCA-U-EX,tu|TSQjb `tiUN/17KGj,CN,17000,19
S6-UV542KCB-U-EX,tu|TSQjb atiUN/17KG),CN,17000,19
S6-UV542KCMHTU-U-EX,tu|TSQjblg-st (UN/17KG),CN,17000,19
S6-UV542KCMH-U-EX,tu|TSQjblg (UN/17KG),CN,17000,19
S6-UV542-U,tu|TSQ A_[ (15KG),CN,15000,16
S6-UV600-U,tu|UOOA_[ (15KG),CN,15000,16
S6-UV87TNK,tu|WV Y (4.5KG),CN,4500,5
S6-UV87TNK-4.1,tu|WV Y (4.1KG),CN,4100,4.6
S6-UV87-U,tu|WV A_[ (15KG),CN,15000,16
S6-UV90A-U-EX,ru|XOOO@`t@iUN/17KGj,CN,17000,19
S6-UVPP1-4-U,tu|oo1BS A_[ (4KG),CN,4000,4.5
S6-UVPP1-U,tu|oo1BS@A_[ (15KG),CN,15000,16
S6-UVPP3-U,tu|ooR A_[ (15KG),CN,15000,16
S6-UVPP4-U,tu|ooS A_[ (15KG),CN,15000,16
S6-UVPP4-U-EX,tu|ooS A_[ (UN/19KG),CN,19000,21
S6-UVPP50-U,tu|ooTO A_[ (15KG),CN,15000,16
S6-UVPP60-U,tu|ooUO A_[ (15KG),CN,15000,16
S6-UVT05-T,tus|OTgbvi15KGj,CN,15000,16
S6-UVXK01-U,tuw|jOPA_[ (15KG),CN,15000,16
S7-A-4-M,˔ph`^Cv (4KG),CN,4000,4.5
S7-A-M,`^Cvoo˔ph (15KG),CN,15000,16
S7-A-M17-EX,˔ph`^Cv (UN/17KG),CN,17000,19
S7-A-M18-EX,oo˔ph`^Cv (UN/18KG),CN,18000,20
S7-A-M18-EX-THI,oo˔ph`^Cv (UN/18KG),CN,18000,20
S7-B-4-M,a^Cv˔ph (4KG),CN,4000,4.5
S7-B-M,a^Cvoo˔ph (15KG),CN,15000,16
S7-B-M-EX,oo˔pa^Cv (UN/17KG),CN,17000,19
S7-C-M,b^Cvoo˔ph (4KG),CN,4000,4.5
S7-C-M-EX,oo˔pb^Cv (UN/17KG),CN,17000,19
S7-E-4-M,˔ph d^Cv@(4KG),CN,4000,4.5
S7-E-M,˔ph@d^Cv (15KG),CN,15000,16
S7-IK5510-M-EX,hj|TT|PO (UN/17KG),CN,17000,19
S7-IK55-M-EX,hj|TT (UN/17KG),CN,17000,19
S7-PRSKA-4-CL,oq|r() `t(԰) (SKG),CN,4000,4.5
S7-PRSKA-CL,oq|r() `t(԰) (15KG),CN,15000,16
S7-PRSKA-CL-EX,oq|r() `t(԰j(UN/17KG),CN,17000,19
S7-PRSKA-CL-EX-THI,oq|r() `t(԰j(UN/17KG),CN,17000,19
S7-PRSKB-1-M,oq|r() at(Ёj (PKG),CN,1000,1.2
S7-PRSKB-M,oq|r() at(Ёj (4KG),CN,4000,4.5
S7-PRSKB-M-EX,oq|r() at(Ёj(UN/17KG),CN,17000,19
S7-RP35-M,qo|RTsh (4KG),CN,4000,4.5
S7-RP35-M-EX,qo|RTsh (UN/18KG),CN,18000,20
S7-STM10-1-M,rsl|POh (1KG)@52410037-00,KG,1000,1.0667
S7-STM10-CL-EX,rsl|PO N[ (UN/17KG),CN,17000,19
S7-STM10-M,rsl|POh (15KG),CN,15000,16
S7-STM10-MT-EX,rsl|PO ^ (UN/25KG),CN,25000,27
S7-STM10T2-1-M,rsl|PO|sQh (1KG),KG,1000,1.0667
S7-STM10T2-M,rsl|PO|sQh (15KG),CN,15000,16
S7-STM10-TH-EX,rsl|PO Vi[ (UN/16KG),CN,16000,18
S7-STM1-1-M,rsl|Ph (1KG),KG,1000,1.0667
S7-STM1-CL-4-EX,rsl|P N[ (4KGj,CN,4000,4.5
S7-STM1-CL-EX,rsl|P N[ (UN/17KG),CN,17000,19
S7-STM1-M,rsl|Ph (15KG),CN,15000,16
S7-STM1-M-EX,rsl|Ph (UN/17KG),CN,17000,19
S7-STM1-MT-4,rsl|P ^ iSKGj,CN,4000,4.5
S7-STM1-MT-EX,rsl|P ^ (UN/25KG),CN,25000,27
S7-STM1-TH-EX,rsl|P Vi[ (UN/16KG),CN,16000,18
S7-STM2-1-M,rsl|Qh (1KG),KG,1000,1.0667
S7-STM2-CL-EX,rsl|Q N[ (UN/17KG),CN,17000,19
S7-STM2-M,rsl|Qh (15KG),CN,15000,16
S7-STM2-M-EX,rsl|Qh (UN/17KG),CN,17000,19
S7-STM30T1-1-M,rsl-RO-sPh (1KG),KG,1000,1.0667
S7-STM30T1-4-M-EX,rsl-RO-sPh (4KG),CN,4000,4.5
S7-STM30T1-CL-EX,rsl-RO-sP N[ (UN/17KG),CN,17000,19
S7-STM30T1-M,rsl-RO-sPh (15KG),CN,15000,16
S7-STM30T1-M-EX,rsl-RO-sPh (UN/17KG),CN,17000,19
S7-STM30T1-MT-EX,rsl-RO-sP ^ (UN/25KG),CN,25000,27
S7-STM30T1-TH-EX,rsl-RO-sP Vi[ (UN/16KG),CN,16000,18
S7-STM30T2-CL-EX,rsl-RO-sQ N[ (UN/17KG),CN,17000,19
S7-STM30T2L-M,rsl-RO-sQkh (15KG),CN,15000,16
S7-STM3-1-M,rsl|Rh (1KG),KG,1000,1.0667
S7-STM3-4-M,rsl|Rh (4KG),CN,4000,4.5
S7-STM3-CL-EX,rsl|R N[ (UN/17KG),CN,17000,19
S7-STM3-M,rsl|Rh (15KG),CN,15000,16
S7-STM3-MT-EX,rsl|R ^ (UN/25KG),CN,25000,27
S7-STM3-TH-EX,rsl|R Vi[ (UN/16KG),CN,16000,18
S7-STM40T1-1-M,rsl-SO-sPh (1KG),KG,1000,1.0667
S7-STM40T1-CL-EX,rsl|SO|sPN[ (UN/17KG),CN,17000,19
S7-STM40T1-M,rsl-SO-sPh (15KG),CN,15000,16
S7-STM40T1-MT-EX,rsl-SO-sP ^ (UN/25KG),CN,25000,27
S7-STM40T1-TH-EX,rsl|SO|sPVi[ (UN/16KG),CN,16000,18
S7-STM40T2-1-M,rsl-SO-sQh (1KG),KG,1000,1.0667
S7-STM40T2-M,rsl-SO-sQh (15KG),CN,15000,16
S7-TD-1-M,TD-1i15kgj,CN,15000,16
S7-TM400-M,sl|SOO (15jfj,CN,15000,16
S7-TR10-M,sq|PO (15KG),CN,15000,16
S7-TR1K-M,ˋFh sq|Pj (15KG),CN,15000,16
S7-TR1-M,ˋFhsq|P (15KG),CN,15000,16
S7-X-M,weV (4KG),CN,4000,4.5
S8-3300-CL,RROO N[ (16KG),CN,16000,17
S8-3300M-CL,RROOl N[ (16KG),CN,16000,17
S8-5100-4-CL,TPOO N[ (4KG),CN,4000,4.5
S8-5100-CL,TPOO N[ (16KG),CN,16000,17
S8-5100M-4-CL,TPOOl N[ (4KG),CN,4000,4.5
S8-5100M-CL,TPOOl N[ (16KG),CN,16000,17
S8-5500-4-CL,TTOON[ (4KG),CN,4000,4.5
S8-5500-CL,TTOO N[ (16KG),CN,16000,17
S8-5500M-CL,TTOOl N[ (16KG),CN,16000,17
S8-ED-CL,G|c N[ (16KG),CN,16000,17
S8-EDM-CL,G|cl N[ (16KG),CN,16000,17
S8-EE173-CL,dd|PiVFRjN[ (16KG),CN,16000,17
S8-EE1-CL,dd|P N[ (16KG),CN,16000,17
S8-EE1S73-CL,dd|Pr(7:3)N[ (16KG),CN,16000,17
S8-EE1S-CL,dd|Pr N[ (16KG),CN,16000,17
S8-KU4-U,jt|S A_[ (16KG),CN,16000,17
S9-2600-TH,QUOO Vi[ (15KG),CN,15000,16
S9-3300-TH,RROO Vi[ (15KG),CN,15000,16
S9-3600S-TH,RUOOÓdpVi[ (15KG),CN,15000,16
S9-A820-1-TH,`|WQO@Vi[@(1KG),KG,1000,1.0667
S9-A820-TH,`|WQO Vi[ (15KG),CN,15000,16
S9-AL910-4-L,`k|XPO^[_[ (4KG),CN,4000,4.5
S9-AL910-L,`k|XPO^[_[ (15KG),CN,15000,16
S9-BCELL-TH,u`Z (15KG),CN,15000,16
S9-BP50-TH,ao|TO Vi[ (15KG),CN,15000,16
S9-C700-TH,b|VOOpVi[ (18gj,CN,14000,15
S9-C710-TH,b|VPOpVi[ (18gj,CN,12000,15.5
S9-EP800-TH,G|WOO Vi[ (15KG),CN,15000,16
S9-EPAB-TH,G|`a Vi[ (15KG),CN,15000,16
S9-GH200-TH,fg|QOOVi[ (15KG),CN,15000,16
S9-K560-TH,j|TUO Vi[ (14KG),CN,14000,15
S9-K560TH-4-EX,j|TUO Vi[ (4KGj,CN,4000,4.5
S9-K560-TH-EX,j|TUO Vi[ (UN/15KG),CN,15000,17
S9-PR-A-S-4-TH,oq|`Er@ߗpVi[ (SKG),CN,4000,4.5
S9-PR-A-S-TH,oq|`Er@ߗpVi[ (15KG),CN,15000,16
S9-PRAS-TH-EX,oq|`Er@sghmmdq (UN/16KG),CN,16000,18
S9-PR-SK-TH,oq|r(jVi[@iPTjfj,CN,15000,16
S9-RT35T-TH,qs|RTgbvVi[ (15KG),CN,15000,16
S9-ST20-L,rs|QO ^[_[ (15KG),CN,15000,16
S9-STD-L,rs|c ^[_[ (15KG),CN,15000,16
S9-STH350-TH,rsg|RTO Vi[ (15KG),CN,15000,16
S9-STH350-TH-EX,rsg|RTO Vi[ (UN/16KG),CN,16000,18
S9-STUPH-1-TH,rs|tog Vi[ (1KG),KG,1000,1.0667
S9-STUPH-TH,rs|tog Vi[ (14KG),CN,14000,15
S9-STUPH-TH-EX,rs|tog Vi[ (UN/15KG),CN,15000,17
S9-SU930-1-TH,rt|XRO Vi[ (1KG),KG,1000,1.0667
S9-SU930-TH,rt|XRO Vi[ (14KG),CN,14000,15
S9-SU930-TH-EX,rt|XRO Vi[ (UN/15KGj,CN,15000,17
S9-SV3800-1-TH,ru|RWOOVi[@(1KG),KG,1000,1.0667
S9-SV3800-TH,ru|RWOOVi[@(15KG),CN,15000,16
S9-SV3800-TH-1,t|RWO Vi[ (1KG),KG,1000,1.0667
S9-SV3800TH-EX,ru|RWOO@THINNER@i17KG/UNj,CN,17000,19
S9-T400-TH,s|SOO Vi[ (18gj,CN,14000,15
S9-T410-TH,s|SPO Vi[ (15KG),CN,15000,16
S9-T430-TH,s|SROVi[ (15KG),CN,15000,16
S9-TL400-L,sk|SOO ^[_[ (15KG),CN,15000,16
S9-TL400-L-EX,sk|SOO ^|_[ (UN/18KG),CN,18000,20
S9-TL410-L,sk|SPO ^|_[ (15KG),CN,15000,16
S9-TL420-L,sk|SQO^|_[ (16gj,CN,14000,15
S9-U100-TH,t|POO Vi[ (15KG),CN,15000,16
S9-U100-TH-EX,t|POO Vi[ (UN/16KG),CN,16000,18
S9-U110-TH,t|PPO Vi[ (15KG),CN,15000,16
S9-U120-TH,t|PQO Vi[ (15KG),CN,15000,16
S9-U200-TH,t|QOO Vi[ (18gj,CN,14000,15
S9-U200-TH-EX,t|QOO Vi[ (UN/15KG),CN,15000,17
S9-U210-TH,t|QPO Vi[ (15KG),CN,15000,16
S9-U310-TH,t|RPO Vi[ (15KG),CN,15000,16
S9-U320-1-TH,t|RQO Vi[ (1KG),KG,1000,1.0667
S9-U320-4-TH,t|RQOVi[ (4KG),CN,4000,4.5
S9-U320-TH,t|RQO Vi[ (15KG),CN,15000,16
S9-U320-TH-EX,t|RQO Vi[ (UN/16KG),CN,16000,18
S9-U320-TH-EX-KEL,t|RQO (UN/16KG),CN,16000,18
S9-U330-1-TH,t|RRO@Vi[@i1KGj,KG,1000,1.0667
S9-U330-4-TH,t|RRO Vi[ (4KG),CN,4000,4.5
S9-U330-TH,t|RRO Vi[ (14KG),CN,14000,15
S9-U330-TH-4-EX,t|RRO Vi[ (4KGj,CN,4000,4.5
S9-U330-TH-EX,t|RRO Vi[ (UN/15KG),CN,15000,17
S9-U330-TH-EX-CPC,t|RROVi[ (UN/15KG),CN,15000,17
S9-U330-TH-EX-S,t|RRO Vi[ (UN/15KG),CN,15000,17
S9-U340-TH,t|RSOVi[ (15KG),CN,15000,16
S9-U341-TH,t|RSP Vi[ (13.5KG),CN,13500,14.5
S9-U342-TH,t|RSQ Vi[ (13.5KG),CN,13500,14.5
S9-U342-TH-EX,t|RSQ Vi[ (UN/15KG),CN,15000,17
S9-U342-TH-EX-ENG,t|RSQ Vi[ (UN/15KG),CN,15000,17
S9-U342-TH-EX-THI,t|RSQ Vi[ (UN/15KG),CN,15000,17
S9-U345-1-TH,t|RST Vi[ (1KG),KG,1000,1.0667
S9-U345-TH,t|RST Vi[ (14KG),CN,14000,15
S9-U345-TH-EX,t|RST Vi[ (UN/15KG),CN,15000,17
S9-U380-1-TH,t|RWO Vi[ (1KG),KG,1000,1.0667
S9-U380-TH,t|RWO Vi[ (13KG),CN,13000,14
S9-UL100-L,tk|POO^[_[ (15KG),CN,15000,16
S9-UL110-1-L,tk|PPO^[_[ (1KG),KG,1000,1.0667
S9-UL110-L,tk|PPO^[_[ (15KG),CN,15000,16
S9-UL110-TH-EX,tk|PPO (16KG/UN),CN,16000,18
S9-UL200-L,tk|QOO^[_[ (18gj,CN,13000,14
S9-UL200-L-EX,tk|QOO ^[_[ (UN/15KG),CN,15000,17
S9-UR800-TH,Ebg WOO Vi[ (15KG),CN,15000,16
S9-URP-TH-EX,Ebgo Vi[ (UN/16KG),CN,16000,18
S9-UV361-TH,tu|RUP Vi[ (14KG),CN,14000,15
S9-X79-TH,w|VXA_[Vi[ (18gj,CN,13000,14
S10-P2,o|QvC}[ (15KG),CN,15000,16
S6-UVXK02-U,tuw|jOQA_[ (15KG),CN,15000,16
S8-KD-BRW,jcuEiPTjj,CN,15000,16
S8-KD-CL,jcN[iPTj,CN,15000,16
S15-ST32CHR-66,rs|RQN[UU (15KG),CN,15000,16
S6-UV610-U-EX,tu|UPO (UN/17KG),CN,17000,19
S15-ST32BLK-95,rs|RQubNXT (15KG),CN,15000,16
S6-UV542S-U,tu|TSQrA_[ (15KG),CN,15000,16
S7-TDM1-M,scl|P (15KG),CN,15000,16
S11-PT04B-T,os|OSatiSjj,CN,4000,4.5
S15-ST32BLU-111,rs|RQu[PPP (15KG),CN,15000,16
S15-ST32G-C219,rs|RQFb|QPX (15KG),CN,15000,16
S15-ST18G-B918,rs|PWkFa|XPW i16gj,CN,13500,14.5
S4-BS421A-U,ar|SQP `t (15KG),CN,15000,16
S4-BS421B-U,ar|SQP at (15KG),CN,15000,16
S15-ST32BRW-139,rs|RQuEPRX (15KG),CN,15000,16
S5-RT186-4-T,qs|PWU (4KG),CN,4000,4.5
S15-ST10G-C9,rs|POlFb|X (16g),CN,13500,14.5
S11-PT04A-T,os|OS`t (PV),CN,17000,18
S15-ST32BLU-4-112,rs|RQu[PPQ (4KG),CN,4000,4.5
S15-ST18G-H26C,rs|PWkFg|QUEb (16gj,CN,13500,14.5
S5-RT240R-14-T-EX,qs|QSOq (14KG/UN),CN,14000,16
S15-ST18G-M913,rs|PWkFl|XPR (16gj,CN,13500,14.5
S4-SU100HA2-1-U,rt|POOgmu `Qt (1KG),KG,1000,1.0667
S15-ST32BLK-96TK,rs|RQubNXU (15kg),CN,15000,16
S11-PPS200-U,oor|QOOA_[ (15KG),CN,15000,16
S15-ST32BLU-113,rs|RQu[PPR (15KG),CN,15000,16
S15-ST32GRE-105,rs|RQO[POT (15KG),CN,15000,16
S6-UV610DPK-U-EX,tu|UPOcoj (UN/17KG),CN,17000,19
S5-RT186-15-T-EX,qs|PWUgbv (UN/15KG),CN,15000,17
S6-RC20-U,qb|QOA_[ (15KG),CN,15000,16
S7-TDM10-M,scl|PO (15KG),CN,15000,16
S11-PT04A-T-EX,os|OS ` (UN/18KG),CN,18000,20
S11-PT04B-T-EX,os|OSa (UN/17KG),CN,17000,19
S6-UVT15-T,tus|PTgbv (15KG),CN,15000,16
S15-UT210NG-4-N73,ts|QPOmFm|VR (4KG),CN,4000,4.5
S5-RT48-T,qs|SWgbv (14KG),CN,14000,15
S5-RT160HNV-T,qs|PUOgmugbv (14KG),CN,14000,15
S2-ST32NPA-T,rs|RQmo`gbv (15KG),CN,15000,16
S6-UV1000-U,tu|POOOA_[ (15Kg),CN,15000,16
S6-UVCH1-U,tu|bgPA_[ (15KG),CN,15000,16
S7-IK35-M,hj|RT (15KG),CN,15000,16
S2-ST32NPA-T,rs|RQmo`gbv (15KG),CN,15000,16
S5-RT160HNV-T,qs|PUOgmugbv (14KG),CN,14000,15
S5-RT48-T,qs|SWgbv (14KG),CN,14000,15
S3-STR120-3-U-EX,rsq|PQO (UN/3KG),CN,3000,3.5
S15-ST32NPABRW-122,rs|RQmo`uEPQQ (15KG),CN,15000,16
S1-FPA3-U,eo`|RA_[ (18g),CN,14500,15.5
S6-SV3800LHR-U,ru|RWOOkgqA_[ (15KG),CN,15000,16
S6-SV3800LHR-1-U,ru|RWOOkgqA_[(1KG),KG,1000,1.0667
S9-SU930-3-TH-EX,rt|XROVi[ (UN/3KG),CN,3000,3.5
S4-SU930B-3-U-EX,rt|XROa (UN/3KG),CN,3000,3.5
S4-SU930A-3-U-EX,rt|XRO` (UN/3KG),CN,3000,3.5
S15-ST32Y002,rs|RQ xOOQ (15KG),CN,15000,16
S5-RT160-4-T,qs|PUOgbv (4KG),CN,4000,4.5
S3-FG3000-4-U,ef|ROOOA_[ (4KG),CN,4000,4.5
S15-ST32CHR-67TK,rs|RQN[UV (15KG),CN,15000,16
S6-UV542KCMHJ1-U-EX,tu|TSQjblg|iP(UN/17KG),CN,17000,19
S15-ST18G-L611,rs|PWkFk|UPP (16gj,CN,13500,14.5
S15-ST18G-L809,rs|PWkFk|WOX (16gj,CN,13500,14.5
S4-BS421A-U-EX,ar|SQP@` (UN/17KG),CN,17000,19
S4-BS421B-U-EX,ar|SQP a (UN/17KG),CN,17000,19
S1-K173N-4-U,j|PVRmoA_[ (4KG),CN,4000,4.5
S9-U390-TH,t|RXOVi[ (15KG),CN,15000,16
S15-ST32BLU-114,rs|RQu[PPS (15KG),CN,15000,16
S11-PT04-T,os|OSgbv (17KG),CN,17000,18
S15-ST32HNVG-B208,rs|RQgmuFa|QOW (15KG),CN,15000,16
S15-ST32GRE-107,rs|RQO[POV (15KG),CN,15000,16
S2-ST32DS3-T,rs|RQcrRgbv (15KG),CN,15000,16
S4-STR80A-3-U-EX,rsq|WO` (UN/3kg),CN,3000,3.5
S4-STR80B-3-U-EX,rsq|WOa (UN/3KG),CN,3000,3.5
S6-UV270S-U,tu|QVOrA_[ (15KG),CN,15000,16
S7-IK50-M,hj|TOiPTj,CN,15000,16
S3-BP90-U-EX,ao|XO (UN/15KG),CN,15000,17
S3-STH350NA-U-EX,rsg|RTO `iV) (UN/14KG),CN,14000,16
S6-UV600CK5-U,tu|UOObTA_[ (15KG),CN,15000,16
S4-SR001A-1-U,rq|OOP`t@(1KG),KG,1000,1.0667
S4-SR001B-1-U,rq|OOPat@(1KG),KG,1000,1.0667
S15-ST32BRW-140,rs|RQ uEPSO (15KG),CN,15000,16
S9-STH350-TH-EX,rsg|RTO Vi[ (UN/16KG),CN,16000,18
S5-RT240R-14-T-EX,qs|QSOq (14KG/UN),CN,14000,16
S6-SV3800LHRA-U-EX,ru|RWOOkgq@` (UN/17KG),CN,17000,19
S6-SV3800LHRB-U-EX,ru|RWOOkgq@a (UN/17KG),CN,17000,19
S4-BS421A-4-U,ar|SQP `t (4KG),CN,4000,4.5
S4-BS421B-4-U,ar|SQP at (4KG),CN,4000,4.5
S6-UV600H-U,tu|UOOgA_[ (15KG),CN,15000,16
S6-UVXK02A-U-EX,tuw|jOQ ` (UN/17KG),CN,17000,19
S6-UVXK02B-U-EX,tuw|jOQ@a (UN/17KG),CN,17000,19
S10-TA10P5-3-EX,s`|POo|T (UN/3KG),CN,3000,3.5
S6-UVFJ4-U,tu|eiSA_[ (15KG),CN,15000,16
S5-RT45-15-T-EX,qs|ST (UN/15KG),CN,15000,17
S9-U330-TH-EX-AS,t|RRO (UN/15KG)<AS>,CN,15000,17
S4-SU100HA2-U-EX-GZS,rt|POOgmu `Qt(LBj(UN/17K),CN,17000,19
S4-SU100HB-U-EX-GZS,rt|POOgmu atiLBj(UN/17KG),CN,17000,19
S7-STM1N-CL-EX,rsl|PN[(NS) (UN/17KG),CN,17000,19
S9-U345-TH-EX-GZS,t|RSTVi[iLBj(UN/15KG),CN,15000,17
S4-PP553A-U-EX,oo|TTR ` (UN/16KG),CN,16000,18
S4-PP553B-U-EX,oo|TTR a (UN/16KG),CN,16000,18
S7-IK50-M,hj|TOi15KGj,CN,15000,16
S6-ADT60TNK,`cs|UOY܁iPj,CN,1000,1.0667
S6-UV901-U,tu|XOPA_[ (15KG),CN,15000,16
S5-FK2KBL05-T-EX,ej|Qu[gbvi0.5) (UN/17KG),CN,17000,19
S15-ST18G-N216,rs|PWkFm|QPU (16gj,CN,13500,14.5
S2-ST32HNV-T-EX,rs|RQgmu (UN/16KG),CN,16000,18
S6-UV405A-U-EX,tu|SOT ` (UN/17KG),CN,17000,19
S6-UV405B-U-EX,tu|SOT@a (UN/17KG),CN,17000,19
S15-UT210N-4-BRW-131,ts|QPOmuEPRP (4KG),CN,4000,4.5
S4-PP653A-U-EX,oo|UTR ` (UN/16KG),CN,16000,18
S4-PP653B-U-EX,oo|UTR a (UN/16KG),CN,16000,18
S4-PP653C-U-EX,oo|UTR b (UN/16KG),CN,16000,18
S6-UVPP70-U,tu|oomVO A_[ (15KG),CN,15000,16
S7-STM30T2L-1-M,rsl|RO|sQkh (1KG),KG,1000,1.0667
S2-SENRY-3-BLK,tubN (3KG),CN,3000,3.5
S2-SENRY-3-BLU,tu[ (3KG),CN,3000,3.5
S2-SENRY-3-BRW,tuE (3KG),CN,3000,3.5
S2-SENRY-3-ORA,tIW (3KG),CN,3000,3.5
S2-SENRY-3-PNK,t sN (3KG),CN,3000,3.5
S2-SENRY-3-RED,tbh (3KG),CN,3000,3.5
S2-SENRY-3-REDBE4,tbhadS (3KG),CN,3000,3.5
S2-SENRY-3-YEL,tCG[ (3KG),CN,3000,3.5
S6-M842-U,l|WSQA_[ (15KG),CN,15000,16
S7-TM300-M,sl|ROO (15KG),CN,15000,16
S10-ZBRW503,y|uE|TOR (15KG),CN,15000,16
S10-ZBRW503-3,y|uE|TOR (3kg),CN,3000,3.5
S10-ZORA201,y|IW|QOP (15KG),CN,15000,16
S10-ZORA201-3,y|IW|QOP (3KG),CN,3000,3.5
S10-ZRED122,y-bh-PQQ (15KG),CN,15000,16
S10-ZRED122-3,y|bh|PQQ (3KG),CN,3000,3.5
S10-ZYEL308,y|CG[|ROW (15KG),CN,15000,16
S10-ZYEL308-3,y|CG[|ROW (3KG),CN,3000,3.5
S15-ST32G-B017,rs|RQFa|OPV (15KG),CN,15000,16
S10-HBRW503,g|uE|TOR (15KG),CN,15000,16
S10-HBRW503-3,g|uE|TOR (3KG),CN,3000,3.5
S10-HYEL375,g|CG|RVT (15kg),CN,15000,16
S10-HYEL375-3,g|CG[|RVT (3KG),CN,3000,3.5
S10-ZBLK805,y|ubN|WOT (15KG),CN,15000,16
S10-ZBLK805-3,y|ubN|WOT (3KG),CN,3000,3.5
S10-ZBLK807,y|ubN|WOV (15KG),CN,15000,16
S10-ZBLK807-3,y|ubN|WOV (3KG),CN,3000,3.5
S6-RTS01-U,qsr|OP (15KG),CN,15000,16
S15-ST32G-C815,rs|RQFb|WPT (15KG),CN,15000,16
S6-UV632-U,tu|URQA_[ (15KG),CN,15000,16
S15-ST32G-V907TK,rs|RQFu|XOV (15KG),CN,15000,16
S10-SIRIKON-4-PM,VRol (4KG),CN,4000,4.5
S3-FG4000-U-EX,ef|SOOOA_[ (UN/17KG),CN,17000,19
S15-ST32G-D910,rs|RQFc|XPO (15KG),CN,15000,16
S6-UVFJ5-U,tu|eiTA_[ (15KG),CN,15000,16
S15-ST32COP-51,rs|RQFTP (15KG),CN,15000,16
S15-ST32PNK-45,rs|RQsNST (15KG),CN,15000,16
S15-ST32RED-76,rs|RQbhVU (15KG),CN,15000,16
S15-ST32VIO-50,rs|RQoCIbgTO (15KG),CN,15000,16
ST32RED-76-S,ST-32 bh76,KG,1000,1.0667
S15-ST32BLU-115,rs|RQu[PPT (15KG),CN,15000,16
S15-ST32VIO-51,rs|RQoCIbgTP@(15KG),CN,15000,16
S15-ST32PNK-22-4,rs|RQsNQQ (4KG),CN,4000,4.5
S15-UT210NG-N74,ts|QPOmFm|VS (15KG),CN,15000,16
S15-UT210N-COP-52,ts|QPOmFTQ (15KG),CN,15000,16
S15-ST18G-M610,rs|PWkFl|UPO (16gj,CN,13500,14.5
S5-RT130-T-EX,qs|PROgbvitm^PVj,CN,17000,19
S5-RT240R-T-R,qs|QSOq@gbv (14KG),CN,14000,15
S6-RTS01K-U,qsr|OPA_[iPTj,CN,15000,16
S6-UV405B-U-EX,tu|SOT a (UN/17KG),CN,17000,19
S15-ST32BRW-142TK,rs|RQuEPSQ (15KG),CN,15000,16
S15-ST32G-V013,rs|RQFu|OPR (15KG),CN,15000,16
S4-DPU42A-U-EX,cot|SQ ` (UN/17KG),CN,17000,19
S4-DPU42B-U-EX,cot|SQ a (UN/17KG),CN,17000,19
S4-SGR41A-U,rfq|SP `t (15KG),CN,15000,16
S4-SGR41B-U,rfq|SP at (15KG),CN,15000,16
S3-SGR41A-U,rfq|SP`tiPTjfj,CN,15000,16
S3-SGR41B-U,rfq|SPatiPTjfj,CN,15000,16
S6-UV422-U,tu|SQQ (15KG),CN,15000,16
S8-KU5-U,jt|TA_[iPUjfj,CN,16000,18
S6-KNB01-U,jma|OP@A_[@(15KG),CN,15000,16
S6-UV777-U,tu|VVVA_[ (15KG),CN,15000,16
S10-HBLK805-3,痿@g|ubNWOT(3KG),CN,3000,3.5
S7-STM2-3-CL-EX,rsl|Q@N[@iUN/3KGj,CN,3000,3.5
S15-ST32VIO-52,rs|RQoCIbgTQ (15KG),CN,15000,16
S6-UVXK08-U,tuw|jOWA_[ (15KG),CN,15000,16
S15-ST18G-S610,rs|PWkFr|UPO (18g),CN,13500,14.5
S3-BP80B-U-EX,ao|WO at (UN/16KG),CN,16000,18
S7-KM5005-M-EX,jl|TOOT (UN/17KG),CN,17000,19
S4-URPA-U,Ebgo At (15KG),CN,15000,16
S4-URPB-U,Ebgo at (15KG),CN,15000,16
S15-ST32GRE-108,rs|RQO[POW (15KG),CN,15000,16
S7-KM5005-M,jl|TOOT (15KG),CN,15000,16
S6-UV505A-U-EX,tu|TOT ` (UN/17KG),CN,17000,19
S6-UV505B-U-EX,tu|TOT a (UN/17KG),CN,17000,19
S7-STM40T3-1-M,rsl|SO|sRh (1KG),KG,1000,1.0667
S7-STM40T3-M,rsl|SO|sRh (15KG),CN,15000,16
S15-ST32BLU-117,rs|RQu[PPV (15KG),CN,15000,16
S1-K164N-U,j|PUSmoA_[(15KG),CN,15000,16
S1-X80N-U,w|WOmoA_[(15KG),CN,15000,16
S6-CH5202-U,bg|TQOQiPTjfj,CN,15000,16
S6-RTS01S3-U,qsr|OPi15KGjij,CN,15000,16
S15-ST32G-F410,rs|RQFe|SPO (15KG),CN,15000,16
S3-BP60A-U-EX,ao|UO ` (UN/14KG),CN,14000,16
S3-BP60B-U-EX,ao|UO a (UN/16KG),CN,16000,18
S15-ST32RED-77,rs|RQbhVV (15KG),CN,15000,16
S6-UV392-T,tu|RXQ gbv (15KG),CN,15000,16
S6-RTS01SZ-U,qsr|OP (15KG),CN,15000,16
S1-K164NP-U,j|PUSmoA_[ (15KG),PC,15000,16
S1-X80NP-U,w|WOmoA_[ (15KG),CN,15000,16
S2-UT210N-4-T,ts|QPOmgbv (4KG),CN,4000,4.5
S6-UV221-U,tu|QQPA_[ (15KG),CN,15000,16
S6-UVZ01-U,tuy|OPA_[ (15KG),CN,15000,16
S15-ST32VIO-54,rs|RQoCIbgTS (15KG),CN,15000,16
S6-CH5203-U,bg|TQORA_[ (15KG),CN,15000,16
S7-KM5005A-M-EX,jl|TOOT ` (UN/17KG),CN,17000,19
S7-KM5005B-M-EX,jl|TOOT a (UN/17KG),CN,17000,19
S99-SV3800A-U-EX,ru|RWOO `iPVkgj,CN,17000,19
S99-SV3800B-U-EX,ru|RWOO aiPVkgj@,CN,17000,19
S2-ST32ASK-T,rs|RQ`rjgbv (15KG),CN,15000,16
S7-PRAKA-CL-EX,oq|` (KAI) ` (UN/17KG),CN,17000,19
S7-PRAKB-M-EX,oq|` (KAI) a (UN/17KG),CN,17000,19
S7-PRAK-M,oq|`(j (15KG),CN,15000,16
S15-ST32G-G913,rs|RQF f|XPR (15KG),CN,15000,16
S6-UV270V-U,tu|QVOuA_[iPTjj,CN,15000,16
S6-UV382V-T,tu|RWQugbviPTjfj,CN,15000,16
S6-UV482-T,tu|SWQgbv  (15KG),CN,15000,16
S6-UV542BBA-U-EX,tu|TSQaa@` (UN/17KG),CN,17000,19
S6-UV542BBB-U-EX,tu|TSQaa@a (UN/17KG),CN,17000,19
S6-UV382K-4-T,tu|RWQijgbv (4KG),CN,4000,4.5
S4-PP553-3A-U,oo|TTR (3) `t@(14KG),CN,14000,15
S4-PP553-3B-U,oo|TTR (3) at (14KG),CN,14000,15
S4-PP553-3C-U,oo|TTR (3) bt (15KG),CN,15000,16
S1-FPA3-U-EX,eo`|R (UN/16KG),CN,16000,18
S1-K164N-U-EX,j|PUSmo (UN/17KG),CN,17000,19
S2-SENRY-RHS-09,tqgr@(900G),CN,900,1
S10-HYEL306-3,痿g|CG[ROU (3KG),CN,3000,3.5
S15-ST32BLU-118,rs|RQu[PPW (15KG),CN,15000,16
S4-BS421A-U-EX,ar|SQP@` (UN/17KG),CN,17000,19
S4-BS421B-U-EX,ar|SQP a (UN/17KG),CN,17000,19
S4-PP553KA-U,oo|TTRij`tiPSjfj,CN,14000,15
S4-PP553KB-U,oo|TTRijatiPSjfj,CN,14000,15
S4-PP553KC-U,oo|TTRijbtiPTjfj,CN,15000,16
S5-RT45-15-T-EX,qs|ST (UN/15KG),CN,15000,16
S6-CH3019-U,bg|ROPXA_[ (15KG),CN,15000,16
S9-U360-TH,t|RUOVi[ (14KG),CN,14000,15
S10-HORA201-3,g|IW|QOP (3KG),CN,3000,3.5
S15-ST32CHR-68,rs|RQN[UW (15KG),CN,15000,16
S15-ST32PNK-46,rs|RQsNSU (15KG),CN,15000,16
S3-FG3000-1-U,ef|ROOOA_[ (1KG),KG,1000,1.0667
S4-BS421A-1-U,ar|SQP ` (1KG),KG,1000,1.0667
S4-BS421B-1-U,ar|SQPat  (1KG),KG,1000,1.0667
S5-RT45-1-T,qs|STgbv (1KG),KG,1000,1.0667
S6-UV221-1-U,tu|QQPA_[ (1KG),KG,1000,1.0667
S7-TM300-1-M,sl|ROO (1KG),KG,1000,1.0667
S15-ST32BLU-119,rs|RQu[PPX (15Kg),CN,15000,16
S6-UV505K2A-U-EX,tu|TOTjQ@`@(UN/17KG),CN,17000,19
S6-UV505K2B-U-EX,tu|TOTjQ@a (UN/17KG),CN,17000,19
S10-HYEL302-3,g|CG[ROQ (3KG),CN,3000,3.5
S6-UVFJ8-U,tu|eiWA_[ (15KG),CN,15000,16
S6-UV270-4-U,tu|QVOA_[ (4KG),CN,4000,4.5
S7-PRAK-M-EX,oq|`ij`hj (UN/17KG),CN,17000,19
S15-ST32G-B320,rs|RQFa|RQO (15KG),CN,15000,16
S7-IK50-4-M,hj|TO (4KG),CN,4000,4.5
S10-HBLUE651-3,g|u[|UTP (3KG),CN,3000,3.5
S10-HBLUE680-3,g|u[|UWO (3KG),CN,3000,3.5
S15-ST32G-E207TK,rs|RQFd|QOV (15KG),CN,15000,16
S6-UV906-U,tu|XOUA_[ (15Kg),CN,15000,16
S10-HWHT050-3,g|zCg|OTO (3KG),CN,3000,3.5
S11-PSY50URCHA-U-EX,or|xTOtq|bg@` (UN/17KG),CN,17000,19
S6-UV361CJ-U,tu|RUPbiA_[iPTjfj,CN,15000,16
S15-ST32COP-53TK,rs|RQFTR (15KG),CN,15000,16
S6-CH3019-4-U,bg|ROPXA_[ (4KG),CN,4000,4.5
S10-HBLK805,g|ubN|WOT (15KG),CN,15000,16
S6-RTS03-U,qsr|ORA_[ (15Kg),CN,15000,16
S6-UVZ01TH-U,tuy|OPA_[ (15KG),CN,15000,16
S15-ST32BRW-144,rs|RQuEPSS (15KG),CN,15000,16
S15-ST32BRW-145TK,rs|RQuEPST (15KG),CN,15000,16
S10-HBRW504,g|uE|TOS (15KG),CN,15000,16
S10-HBRW504-3,g|uE|TOS (3KG),CN,3000,3.5
S11-PT04S-T,os|OSgbv  (15KG),CN,15000,16
S9-U340-4-TH,t|RSOVi[ (4KG),CN,4000,4.5
S10-HRED152,痿g|bhPTQ (15KG),CN,15000,16
S10-HRED152-3,g-bh-PTQ (3KG),CN,3000,3.5
S7-STM40T4-1-M,rsl|SO|sSh (1KG),KG,1000,1.0667
S7-STM40T4-M,rsl|SO|sSh  (15KG),CN,15000,16
S15-ST32G-X320,rs|RQFw|RQO (15KG),CN,15000,16
S6-UV505K2A-U-EX-IJL,tu|TOTjQ@` (UN/17KG),CN,17000,19
S6-UV505K2B-U-EX-IJL,tu|TOTjQ@a (UN/17KG),CN,17000,19
S15-ST32CHR-69,rs|RQN[UX (15KG),CN,15000,16
S15-ST32BLU-120,rs|RQu[PQO (15KG),CN,15000,16
S7-TM400-M-EX,sl|SOO (UN/17KG),CN,17000,19
S11-PT04S-T-EX,os|OSgbv (UN/17KG),CN,17000,19
S9-UV382-TH,tu|RWQVi[ (15KG),CN,15000,16
S15-ST32G-X703TK,rs|RQFw-703 (15KG),CN,15000,16
S15-ST32VIO-30,rs|RQoCIbg RO (15KG),CN,15000,16
S3-STH350CHA-U-EX,rsg|RTO|bg@` (UN/14KG),CN,14000,16
S10-HORA201-15,g|IW|QOP (15KG),CN,15000,16
S10-HYEL302-15,g|CG[ROQ (15KG),CN,15000,16
S15-ST32G-X703,rs|RQFw|VOR (15KG),CN,15000,16
S9-T440-TH,s|SSOVi[ (15KG),CN,15000,16
S9-U330-TH-EX-VES,t|RRO@Vi[ iUN/15kgjVES,CN,15000,17
S15-ST32G-E014,rs|RQF@d|OPS (15KG),CN,15000,16
S15-ST32BRW-146TK,rs|RQuE146 (15KG),CN,15000,16
S15-ST32G-C309,rs|RQF@b|ROX (15KG),CN,15000,16
S1-K150NSUM-U,j|PTOmoČ^A_[ (18?j,CN,14500,15.5
S5-RT48-T-EX,qs|SW@(UN/17KG),CN,17000,19
S2-HBLU72M20,g|u[VQlQO (4KG),CN,4000,4.5
S6-UV906A-U-EX,tu|XOU@` (UN/17KG),CN,17000,19
S6-UV906B-U-EX,tu|XOU@a (UN/17KG),CN,17000,19
G-TY311-TKTT,TY311(TKTT),KG,1000,1.0667
S15-ST32COP-54,rs|RQFTS@(15KG),CN,15000,16
S15-ST32G-D009,rs|RQFc|OOX (15KG),CN,15000,16
S15-ST32GRE-109,rs|RQO[POX (15KG),CN,15000,16
S1-K150NSUM-U,j|PTOmoČ^A_[ (18gj,CN,14500,15.5
S10-HGRE403-3,g|O[|SOR (3KG),CN,3000,3.5
S2-SENRY-1-BLU,tu[ (1kg),CN,1000,1.0667
S6-UV382FF-T,tu|RWQee gbv (15KG),CN,15000,16
S9-UL100-L-EX,tk|POO^[_[ (UN/17KG),CN,17000,19
S4-K706CLKA-3-U-EX,j|VOUbkij`t@iUN/3KGj,CN,3000,3.5
S4-K706CLKC-3-U-EX,j|VOUbkijbt@iUN/RjGj,CN,3000,3.5
S15-ST32BRW-147,rs|RQuEPSV@(15KG),CN,15000,16
S15-ST32RED-78,rs|RQbhVW (15KG),CN,15000,16
S15-UT210NG-N75,ts|QPOm Fm|VT (15KG),CN,15000,16
S6-RTS04-U,qsr|OSA_[ (15KG),CN,15000,16
S7-TM50-1-M,sl|TO (1KG),KG,1000,1.0667
S7-TM50-4-M,sl|TO (4KG),CN,4000,4.5
S6-CH4019-U,bg|SOPXA_[ (15KG),CN,15000,16
S10-KS042BLK91-EX,jr|OSQakjXP (16KG),CN,16000,18
S10-KS042WHT01-EX,jr|OSQvgsOP (20KG),CN,20000,22
S2-SENRY-14-RHS,tqgrCG[ (14KG),CN,14000,15
S2-SENRY-3-BLK-LQ,tubNkp  (3KG),CN,3000,3.5
S2-SENRY-3-BLU-LQ,tu[kp (3KG),CN,3000,3.5
S2-SENRY-3-RED-LQ,tbhkp  (3KG),CN,3000,3.5
S6-UV382-T-EX,tu|RWQ gbv (UN/17KG),CN,17000,19
S10-KBT025BG-T,jas|OQTaf (2KG),BX,2000,2.5
S10-KBT025MB-T,jas|OQT la (2KG),BX,2000,2.5
S3-FG3000-4-U,ef|ROOOA_[ (4KG),CN,4000,4.5
S1-PC2000-4-U,ob|QOOOA_[  (4KG),CN,4000,4.5
S10-HBLU680-EX,g\aktdUWOiPTjfj,CN,15000,16
S10-HBLK803-3,痿@H|ubNWOR (3KG),CN,3000,3.5
S15-ST32G-A914,rs|RQF@`|XPS (15KG),CN,15000,16
S5-RT160HNV-1-T,qs|PUOgmugbv@i1KGj,KG,1000,1.0667
S6-UV542-1-U,tu|TSQA_[@i1KGj,KG,1000,1.0667
S10-ZBLK808-3-EX,y|ak`bjWOWiRjfj,CN,3000,3.5
S10-ZBLK9800-3-EX,y|ak`bjXWOOiRjfj,CN,3000,3.5
S10-HYEL306-3,痿g|CG[ROU (3KG),CN,3000,3.5
S15-ST32BLK-99,rs|RQ ubNXX@(15KG),CN,15000,16
S5-RT48-4-T,qs|SWgbv (4KG),CN,4000,4.5
S6-UV270M-U,tu|QVOl A_[i15kgj,CN,15000,16
S15-ST32BLU-121,rs|RQu[PQP (15KG),CN,15000,16
S15-ST32BLU-14,rs|RQ u[PS (15KG),CN,15000,16
S2-HSG11,zF(1:1) (14KG),CN,14000,15
S2-SENRY-1-ORA,tIW  (1kg),CN,1000,1.0667
S5-RT160HNVBL-T,qs|PUOgmuu[@(1.0) (4KG),CN,4000,4.5
S7-TM50-M,sl|TO (15KG),CN,15000,16
S2-SENRY-3-RHS,t qgr (3KG),CN,3000,3.5
S10-HBLU680-EX,g\aktd\UWOiPTjfj,CN,15000,16
S5-RT320-T-EX,qs|RQO iUN/14KGj,CN,14000,16
S10-ZBLK808-3-EX,y|ak`bj\WOWiRjfj,CN,3000,3.5
S10-ZBLK9800-3-EX,y|ak`bj\XWOOiRjfj,CN,3000,3.5
S15-ST32G-A710,rs|RQF`-VPO (15KG),CN,15000,16
S5-RT160HNVBL-T,qs|PUOgmuٰį߁@(1.0) (4KG),CN,4000,4.5
S5-RT326-T,qs|RQU (14KG),CN,14000,15
S15-ST32COP-55,rs|RQFTT (15KG),CN,15000,16
S15-ST32G-A018,rs|RQF`|OPW (15KG),CN,15000,16
S1-FPA3TK-U-EX,eo`|Rsj (UN/16KG),CN,16000,18
S6-UV582-T,tu|TWQgbv (15KG),CN,15000,16
S15-ST32BLK-98TK,rs|RQubNXW (15KG),CN,15000,16
S7-STM10-CL-EX,rsl|PO N[ (UN/17KG),CN,17000,19
S7-STM10-MT-EX,rsl|PO ^ (UN/25KG),CN,25000,27
S7-STM10-TH-EX,rsl|PO Vi[ (UN/16KG),CN,16000,18
S10-ZRED101-3,y|bh|POP (3KG),CN,3000,3.5
S10-ZYEL9310-3,y|CG[XRPO (3KG),CN,3000,3.5
S15-ST32G-A719,rs|RQF `|VPX (15KG),CN,15000,16
S1-X80N-4-U,w|WOmoA_[ (4KG),CN,4000,4.5
S15-ST32BLU-122,rs|RQu[PQQ (15KG),CN,15000,16
S15-ST32BLK-8,rs|RQubNW (15KG),CN,15000,16
S6-UV272-U,tu|QVQA_[ (15KG),CN,15000,16
S6-UV682-T,tu|UWQgbv (15KG),CN,15000,16
S7-STM30T1CH-TH-EX,rsl|RO|sP|bg@Vi[ (tm,CN,16000,18
S7-STM30T2CH-CL-EX,rsl|RO|sQ|bg N[ (UN/17,CN,17000,19
S7-STM30T1CH-TH-EX,rsl|RO|sP|bg Ű@(UN/16KG),CN,16000,18
S7-STM30T2CH-CL-EX,rsl|RO|sQ|bg ԰ (UN/17KG),CN,17000,19
S10-BLK91,akj|XP (16KG),CN,16000,18
S15-ST32G-B018,rs|RQFa|OPW (15KG),CN,15000,16
S10-ZYEL9310-3,y|CG[XRPO (3KG),CN,3000,3.5
S15-UT210N-RED-75,ts|QPOmbhVT@i15KGj,CN,15000,16
S4-PPR82-3A-U-EX,ooq|WQiRj ` (UN/17KG),CN,17000,19
S4-PPR82-3B-U-EX,ooq|WQiRj a (UN/18KG),CN,18000,20
S4-PPR82-3C-U-EX,ooq|WQiRj b (UN/16KG),CN,16000,18
S10-HRED105,g|bh|POT (15KG),CN,15000,16
S10-HRED105-3,g|bh|POT (3KG),CN,3000,3.5
S10-HRED101-3,g|bh[POPi3KGj,CN,3000,3.5
S10-HRED101-15,g|bh[POPi15KGj,CN,15000,16
S1-PP33-1K-U,oo|RRmoA_[ (1KG),CN,1000,1.0667
S8-KD-BRW,jcuE (15KG),CN,15000,16
S6-UV270MTK-U,tu|QVOlA_[ (15KG),CN,15000,16
S6-UV382FB-4-T,tu|RWQeagbv  (4KG),CN,4000,4.5
S6-UV382FB-T,tu|RWQeagbv (15KG),CN,15000,16
S6-UV2300-4-U,tu|QROOA_[ (4KG),CN,4000,4.5
S6-UV2300-U,tu|QROOA_[ (15KG),CN,15000,16
S1-PCS3000-U,obr|ROOOA_[ (15KG),CN,15000,16
S15-UT210N-PNK-47,ts|QPOmsNSV (15KG),CN,15000,16
S10-P2-R-EX,oQ|vC}[ (UN/15KG),CN,15000,16
S3-STR120-U-R-EX,rsq|PQO (UN/15KG),CN,15000,16
S4-K560A-U-R-EX,j|TUO` (UN/15KG),CN,15000,16
S4-K560B-U-R-EX,j|TUO a (UN/15KG),CN,15000,16
S4-SU100HA2-U-R-EX,rt|POOgmu `Qt (UN/15KG),CN,15000,16
S4-SU100HB-U-R-EX,rt|POOgmu at (UN/15KG),CN,15000,16
S4-URPA-U-R-EX,Ebgo `t (UN/15KG),CN,15000,16
S4-URPB-U-R-EX,Ebgo at (UN/15KG),CN,15000,16
S5-RT320-T-R-EX,qs|RQO (UN/14KG),CN,14000,15
S7-STM30T1-CL-R-EX,rsl|RO-sPN[ (UN/15KG),CN,15000,16
S7-STM30T1-TH-R-EX,rsl|RO|sPVi[ (UN/15KG),CN,15000,16
S7-STM40T1-CL-R-EX,rsl|SO|sPN[ (UN/15KG),CN,15000,16
S7-STM40T1-TH-R-EX,rsl|SO|sPVi[ (UN/15KG),CN,15000,16
S9-U330-TH-R-EX,t|RROVi[ (UN/14KG),CN,14000,15
S5-RT240R-T-R-EX,qs|QSOq (UN/14KG),CN,14000,15
S7-STM10CH-CL-EX,rsl|PO|bg N[ (UN/17KG),CN,17000,19
S7-STM10CH-TH-EX,rsl|PO|bg Vi[ (UN/16KG),CN,16000,18
S15-ST32G-C312,rs|RQF b|RPQ (15KG),CN,15000,16
S15-UT210N-COP-57,ts|QPOmFTV (15KG),CN,15000,16
S10-HBLU680-15,g|u[|UWO (15KG),CN,15000,16
S5-RT160HNVBL07-4-T,qs|PUOgmuu[į(0.7) (4KG),CN,4000,4.5
S5-RT160HNVBL07-T,qs|PUOgmuu[į(0.7) (14KG),CN,14000,15
S6-UV700-U,tu|VOOA_[ (14KG),CN,14000,15
S10-P2-R-EX,o|QvC}[ (UN/15KG),CN,15000,16
S6-UVPP3A-U,tu|oomR `t (15KG),CN,15000,16
S6-UVPP3B-U,tu|oomR at (3.1KG),CN,3100,3.4
S1-AS-CL,`rN[ (15KG),CN,15000,16
S5-RT160HNVBL125-4-T,qs|PUOgmuٰį(1.25) (4KG),CN,4000,4.5
S4-AS521B-U,`r|TQP at (15KG),CN,15000,16
S11-KHU3K3A-U-EX-GZK,jgt|RiRj`t  (UN/20KG),CN,20000,22
S11-KHU3K3B-U-EX-GZK,jgt|RiRjat  (UN/19KG),CN,19000,21
S10-BLK803-15,g]ubNWOR (15KG),CN,15000,16
S10-BLK91-16,akj]XP (16KG),CN,16000,17
S10-BRW503-15,g]uE]TOR (15KG),CN,15000,16
S10-HBLK803-15,g]ubN]WOR (15KG),CN,15000,16
S10-HBLK805-15,g]ubN]WOT (15KG),CN,15000,16
S10-HBLU651-3,g]u[]UTP (3KG),CN,3000,3.5
S10-HBLU663-3,g]u[-UUR (3KG),CN,3000,3.5
S10-HBLU680-15-EX,g]aktd]UWO (15KG),CN,15000,16
S10-HBRW503-15,g]uE]503 (15KG),CN,15000,16
S10-HBRW504-15,g]uE]TOS (15KG),CN,15000,16
S10-HRED105-15,g]bh]POT (15KG),CN,15000,16
S10-HRED152-15,g]bh]PTQ (15KG),CN,15000,16
S10-HYEL375-15,g]CG[]RVT (15KG),CN,15000,16
S10-ZBLK805-15,y]ubN]WOT (15KG),CN,15000,16
S10-ZBLK807-15,y]ubN]WOV (15KG),CN,15000,16
S10-ZBRW503-15,y]uE]TOR (15KG),CN,15000,16
S10-ZBRW9504-3,y]uE]XTOS (3KG),CN,3000,3.5
S10-ZORA201-15,y]IW]QOP (15KG),CN,15000,16
S10-ZRED122-15,y]bh]PQQ (15KG),CN,15000,16
S10-ZYEL308-15,y]CG[-ROW (15KG),CN,15000,16
S8-EE1S-CL,dd|Pr N[ (16KG),CN,16000,17
S5-RT320HNVBLU-T,qs|RQOgmu aktdsno (14KG),CN,14000,15
S15-UT210NG-N77,ts|QPOmFm|VV (15KG),CN,15000,16
S15-UT210NG-N78,ts]QPOmFm|VW (15KG),CN,15000,16
S15-ST32G-E115,rs|RQF d|PPT (15KG),CN,15000,16
S5-RT320V-T-R-EX,qs|RQOu (UN/14KG),CN,14000,15
S6-UV221K3-U,tu|QQPRA_[ (15KG),CN,15000,16
S15-ST32G-E213,rs|RQFd|QPR (15KG),CN,15000,16
S5-RT160HNVBL-4-T,qs|PUOgmuu[gbv(1.0)(4KG),CN,4000,4.5
S9-UL200-L-EX,tk|QOO ^[_[ (UN/14KG),CN,14000,16
S4-K706CLA-3-U-EX,j|VOUbk@`t (UN/3KG),CN,3000,3.5
S4-K706CLC-3-U-EX,j|VOUbk bt (UN/3KG),CN,3000,3.5
S6-UV542VP-U-R-EX,tu|TSQuo (UN/15KG),CN,15000,17
S7-STM1N-3-CL-EX,rsl|PN[(NS) (UN/3KG),CN,3000,3.5
S7-STM3-3-CL-EX,rsl|RN[ (UN/3KG),CN,3000,3.5
S7-STM3-4-MT-EX,rsl|R^ (4KG),CN,4000,4.5
S7-STM1-4-MT-EX,rsl|P^ (4KG),CN,4000,4.5
S7-STM2-3-CL-EX,rsl|Q@N[ iUN/3KGj,CN,3000,3.5
S10-FA341-15-EX,e`|RSP (UN/15KG),CN,15000,17
S10-SIRIKON-PM-EX,VRol (UN/15KG),CN,15000,17
S10-HGRE402-3,g|O[|SOQ (3KG),CN,3000,3.5
S4-PPR82-3A-U,ooq|WQiRj `t (15KG),CN,15000,16
S4-PPR82-3B-U,ooq|WQiRj at (15KG),CN,15000,16
S4-PPR82-3C-U,ooq|WQiRj bt (15KG),CN,15000,16
S6-UVT06-T,tus|OUgbv (15KG),CN,15000,16
S15-ST32G-C614,rs|RQFb|UPS (15KG),CN,15000,16
S15-UT210NG-N79,ts|QPOmFm|VX (15KG),CN,15000,16
S6-UVPP702-U,tu|oomVO|QA_[ (15KG),CN,15000,16
S1-X80N-U-EX,w|WOmo (UN/16KG),CN,16000,18
S5-FK2KBL10K-4-T,ej|Qijٰį߁i1.0) (4KG),CN,4000,4.5
S5-FK2KBL02K-4-T,ej|Qٰį (0.2) (4KG),CN,4000,4.5
S5-FK2KBL05K-4-T,ej|Qijٰį (0.5) (4KG),CN,4000,4.5
S5-RT186BL05K-T-EX,qs|PWUٰį(0.5)-1 (UN/17KG),CN,17000,19
S5-RT186BL15K-T,qs|PWUٰį߁i1.5j|P (14KG),CN,14000,15
S6-UV2300-U-EX,tu|QROO (UN/17KG),CN,17000,19
S6-UV382TNF-T-EX,tu|RWQsme (UN/17KG),CN,17000,19
S10-TNK500-3-EX,smj|TOO (UN/3KG),CN,3000,3.5
S10-TNK500-4,smj|TOO (4KG),CN,4000,4.5
S6-UVT06TKSM-T,tus|OUX[Ngbv (15KG),CN,15000,16
S10-TYL-EX,sx|k (UN/20KG),CN,20000,22
S6-UV2300L-U,tu|QROOkA_[ (15KG),CN,15000,16
S6-UVT06TKORA-T,tus|OUIWgbv (15KG),CN,15000,16
S15-ST32COP-58,rs|RQFTW (15KG),CN,15000,16
S15-ST32PNK-47,rs|RQsN (15KG),CN,15000,16
S4-AS621B-U,`r|UQP at (15KG),CN,15000,16
S0-N10RAKA-TH,m|PObJ[Vi[ (16gj,CN,13500,14.5
S9-UL300-L,tk|ROO^[_[ (13KG),CN,13000,14
S8-KU6-U,jt|UA_[ (16KG),CN,16000,17
S6-SV3800M-U-R-EX,ru|RWOO|l (UN/15KG),CN,15000,16
S6-UV2300L-U-EX,tu|QROOk (UN/16KG),CN,16000,18
S10-P3,o|RvC}[ (15KG),CN,15000,16
S15-ST32G-D306,rs|RQFc|ROU (15KG),CN,15000,16
S15-ST32BUB-1,rs|RQu[ubN P (15KG),CN,15000,16
S6-UV782TPS-T,tu|VWQsor (15KG),CN,15000,16
S6-UV270V-U-R-EX,tu|QVOu (UN/15KG),CN,15000,16
S6-UV382FFS-T-R-EX,tu|RWQeer (UN/15KG),CN,15000,16
S10-ZWHT051-3,y|zCg|OTP (3KG),CN,3000,3.5
S7-STM-TH-R-EX,rsl THINNER (UN/15KG),CN,15000,16
S4-SR001A-U-R-EX,rq|OOP ` (UN/15KG),CN,15000,16
S4-SR001B-U-R-EX,rq|OOP a (UN/15KG),CN,15000,16
S6-UV38BS-U,tu|RWarA_[ (15KG),CN,15000,16
S5-RT320HNVBL-T-R-EX,qs|RQOgmu BLUE TOP (UN/14KG),CN,14000,15
S4-BS421ABLK-4-U,ar|SQP`|akj (4KG),CN,4000,4.5
S6-CTS001-T,bsr|OOPgbv (15KG),CN,15000,16
S6-UV782TPS-T,tu|VWQsor (15KG),CN,15000,16
S15-ST32ORG1-R-EX,rs|RQIWP (UN/15KG),CN,15000,16
S6-UVPP81-U,tu|ooWPA_[ (15KG),CN,15000,16
S6-UV270A-U,tu|QVO`A_[ (15KG),CN,15000,16
S6-UVZ01F-U,tuy|OPA_[@iej (15KG),CN,15000,16
S15-ST32BLK-101,rs|RQubNPOP (15KG),CN,15000,16
S1-AS5-CL-R-EX,`r|TmoN[ (UN/15KG),CN,15000,16
S1-AS5TK-U-R-EX,`r|TmoA_[ (UN/15KG),CN,15000,16
S1-FPA3KTK-U-R-EX,eo`|Rj sj (UN/14KG),CN,14000,15
S1-FPA3K-U-R-EX,eo`|R(j`hj (UN/14KG),CN,14000,15
S1-K164N-U-R-EX,j|PUSmo (UN/15KG),CN,15000,16
S2-ST32-T-R-EX,rs|RQgbv (UN/15KG),CN,15000,16
S4-BS421A-U-R-EX,ar|SQP` (UN/15KG),CN,15000,16
S4-BS421B-U-R-EX,ar|SQP a (UN/15KG),CN,15000,16
S4-PP653A-U-R-EX,oo|UTR ` (UN/14KG),CN,14000,15
S4-PP653B-U-R-EX,oo|UTR a (UN/14KG),CN,14000,15
S4-PP653C-U-R-EX,oo|UTR b (UN/15KG),CN,15000,16
S5-RT175K-T-R-EX,qs|PVTij (UN/14KG),CN,14000,15
S9-UL200-L-R-EX,tk|QOO^[_[ (UN/13KG),CN,13000,14
S5-RT240RBLU3-T-R-EX,qs|QSOq BLUE TOP3 (UN/14KG),CN,14000,15
S3-BP90-U-R-EX,ao|XO (UN/13KG),CN,13000,14
S5-ELTRAM1-4-T,dksq`~hR[gP (4KG),CN,4000,4.5
S6-ELTRAT2-4-T,dksq`gbvR[g2 (4KG),CN,4000,4.5
S6-ELTRAU4-4-U,dksq`A_[R[g4 (4KG),CN,4000,4.5
S7-PRAK-M-R-EX,oq|`ij`Ij (UN/15KG),CN,15000,16
S2-SENRY-ORA-LQ,tIWkp (3KG),CN,3000,3.5
S2-SENRY-YEL-LQ,tCG[kp (3KG),CN,3000,3.5
S6-UVPP90-U,tu|ooXOA_[ (15KG),CN,15000,16
S10-BLK91-3,akj|XP (3KG),CN,3000,3.5
S10-WHT01-3,vgs|OP (3KG),CN,3000,3.5
S15-ST32COP-59,rs|RQFTX (15KG),CN,15000,16
S11-PPA300A-U-R-EX,oo`|ROO ` (UN/15KG),CN,15000,16
S11-PPA300B-U-EX,oo`|ROO a (UN/19KG),CN,19000,21
S3-BP130-U-R-EX,ao|PRO (UN/13KG),CN,13000,14
S3-FG4000-U-R-EX,ef|SOOO (UN/15KG),CN,15000,16
S4-AAS100A-U-R-EX,``r|POO ` (UN/15KG),CN,15000,16
S4-AAS100B-U-R-EX,``r|POO a (UN/15KG),CN,15000,16
S4-PC760A-U-R-EX,ob|VUO ` (UN/14KG),CN,14000,15
S4-PC760B-U-EX,ob|VUO a (UN/17KG),CN,17000,20
S4-PC760C-U-R-EX,ob|VUO b (UN/14KG),CN,14000,15
S7-TM450A-CL-R-EX,sl|STO ` (UN/15KG),CN,15000,16
S7-TM450B-M-R-EX,sl|STO a (UN/15KG),CN,15000,16
S7-STM40T1-M-R-EX,rsl|SO|sP (UN/15KG),CN,15000,16
S4-SU100HA2-U-R-EX-T,rt|POOgmu `Q (UN/15KG),CN,15000,16
S4-SU100HB-U-R-EX-T,rt|POOgmu a (UN/15KG),CN,15000,16
S11-PSY50URCA-U-R-EX,or|xTOtq|bg ` (UN/15KG),CN,15000,16
S11-PSY50URB-U-R-EX,or|xTOtq a (UN/14KG),CN,14000,15
S15-UT210NG-N84,ts|QPOmFm|WS (15KG),CN,15000,16
S6-UVPP91-U,tu|ooXPA_[ (15KG),CN,15000,16
S6-CUP04-U,bto|OSA_[ (15KG),CN,15000,16
S6-UV279-U,tu|QVXA_[ (15KG),CN,15000,16
S6-UV901K-U,tu|XOPA_[ (15KG),CN,15000,16
S5-MT001-T,ls|OOPgbv (15KG),CN,15000,16
S11-PSY50URA-U-R-EX,or|xTOtq ` (UN/15KG),CN,15000,16
S3-STH350B-U-R-EX,rsg|RTO at (UN/15KG),CN,15000,16
S3-STH350CHA-U-R-EX,rsg|RTO|bg ` (UN/13KG),CN,13000,14
S3-STH380A-U-R-EX,rsg|RWO `t (UN/15KG),CN,15000,16
S3-STH380B-U-R-EX,rsg|RWO at (UN/14KG),CN,14000,15
S4-SU100A-U-R-EX,rt|POO `t (UN/15KG),CN,15000,16
S4-SU100B-U-R-EX,rt|POO at (UN/15KG),CN,15000,16
S4-SU930A-U-R-EX,rt|XRO `t (UN/15KG),CN,15000,16
S4-SU930B-U-R-EX,rt|XRO at (UN/15KG),CN,15000,16
S6-SV3800A-U-R-EX,ru|RWOO `t (UN/15KG),CN,15000,16
S6-SV3800B-U-R-EX,ru|RWOO at (UN/15KG),CN,15000,16
S7-STM10-CL-R-EX,rsl|PON[ (UN/15KG),CN,15000,16
S7-STM10-TH-R-EX,rsl|POVi[ (UN/15KG),CN,15000,16
S7-STM1-M-R-EX,rsl|Ph (UN/15KG),CN,15000,16
S7-STM1N-CL-R-EX,rsl|PN[(NS) (UN/15KG),CN,15000,16
S7-STM2-CL-R-EX,rsl|QN[ (UN/15KG),CN,15000,16
S7-STM30T1CH-TH-R-EX,rsl|RO|sP|bgŰ (UN/14KG),CN,14000,15
S7-STM30T2CH-CL-R-EX,rsl|RO|sQ|bg԰ (UN/15KG),CN,15000,16
S7-STM30T2-CL-R-EX,rsl|RO|sQ N[ (UN/15KG),CN,15000,16
S9-SU930-TH-R-EX,rt|XRO Vi[ (UN/14KG),CN,14000,15
S9-SV3800TH-R-EX,ru|RWOO sghmmdq (UN/15KG),CN,15000,16
S9-URP-TH-R-EX,EbgoVi[ (UN/15KG),CN,15000,16
S15-ST32NPAG-X212,rs|RQmo`Fw|QPQ (15KG),CN,15000,16
S10-P4-R-EX,oSvC}[ (UN/15KG),CN,15000,16
S6-UV422-1-U,tu|SQQA_[ (1KG),KG,1000,1.0667
S15-ST32G-C414,rs|RQFb|SPS (15KG),CN,15000,16
S6-CTB006-T,bsa|OOUgbv (15KG),CN,15000,16
S6-UV9135-U,tu|XPRTA_[ (15KG),CN,15000,16
S6-UV9237-U,tu|XQRVA_[ (15KG),CN,15000,16
S6-SV3800A-U-R-EX,ru|RWOO ` (UN/15KG),CN,15000,16
S6-SV3800B-U-R-EX,ru|RWOO a (UN/15KG),CN,15000,16
S6-UV435-U,tu|SRTA_[ (15KG),CN,15000,16
S7-TM400CH-M-R-EX,sl|SOO|bg (UN/15KG),CN,15000,16
S4-PC760KA-U,ob|VUOi) `t (14KG),CN,14000,15
S4-PC760KB-U,ob|VUO() at (14KG),CN,14000,15
S4-PC760KC-U,ob|VUO() bt (4KG),CN,4000,4.5
S3-STR120-U-R-EX-I,rsq|PQO (UN/15KG),CN,15000,16
S4-SR001A-U-R-EX-I,rq|OOP ` (UN/15KG),CN,15000,16
S4-SR001B-U-R-EX-I,rq|OOP a (UN/15KG),CN,15000,16
S4-SU100HA2-U-R-EX-I,rt|POOgmu `Qt (UN/15KG),CN,15000,16
S4-SU100HB-U-R-EX-I,rt|POOgmu at (UN/15KG),CN,15000,16
S5-RT320-T-R-EX-I,qs|RQO (UN/14KG),CN,14000,15
S7-STM30T1-CL-R-EX-I,rsl|RO|sPN[ (UN/15KG),CN,15000,16
S3-STR120-U-R-EX-THI,rsq|PQO (UN/15KG),CN,15000,16
S7-STM30T1-CL-R-EX-T,rsl|RO|sPN[ (UN/15KG),CN,15000,16
S10-SPC100A-17,JUPITER rob|POO (17KG),CN,17000,18
S10-SPC100A-4,JUPITER rob|POO (4KG),CN,4000,4.5
S10-SPC100B-02,JUPITER rob|POOd (200G),CN,200,0.5
S10-SPC100B-1K,JUPITER rob|POOd (1KG),CN,1000,1.2
S11-KHU3K3B-U-EX-KCZ,jgt|RiRjat  (UN/19KG),CN,19000,21
S11-KHU3K3A-U-R-EX-K,jgt|RiRj`t (UN/15KG),CN,15000,16
S11-PT04S-T-R-EX-KCZ,os|OSgbv (UN/15KG),CN,15000,16
S9-U320-TH-R-EX-KCZ,t|RQO Vi[ (UN/15KG),CN,15000,16
S4-PP653B-U-R-EX-SAL,oo|UTR a (UN/14KG),CN,14000,15
S4-PP653C-U-R-EX-SAL,oo|UTR b (UN/15KG),CN,15000,16
S9-U330-TH-R-EX-VES,t|RROVi[ (UN/14KG),CN,14000,15
S5-RT186BL05K-T-R-EX,qs|PWUٰį(0.5)-1 (UN/14KG),CN,14000,15
S11-KHU3K3A-U-R-EX,jgt|RiRj`t (UN/15KG),CN,15000,16
S11-KHU3K3A-U-R-EX-G,jgt|RiRj`t (UN/15KG),CN,15000,16
S6-UV505K2A-U-R-EX-D,tu|TOTjQ@` (UN/15KG),CN,15000,16
S6-UV505K2B-U-R-EX-D,tu|TOTjQ@a (UN/15KG),CN,15000,16
S9-U342-TH-R-EX,t|RSQ Vi[ (UN/13KG),CN,13000,14
S9-U342-TH-R-EX-THI,t|RSQ Vi[ (UN/13KG),CN,13500,14
S5-RT186-14-T-R-EX,qs|PWUgbv (UN/14KG),CN,14000,15
S5-RT186-14-T-R-EX-T,qs|PWUgbv (UN/14KG),CN,14000,15
S6-UV405A-U-R-EX,tu|SOT ` (UN/15KG),CN,15000,16
S6-UV405B-U-R-EX,tu|SOT a (UN/15KG),CN,15000,16
S6-UV505A-U-R-EX,tu|TOT ` (UN/15KG),CN,15000,16
S6-UV505B-U-R-EX,tu|TOT a (UN/15KG),CN,15000,16
S6-UV505K2A-U-R-EX,tu|TOTjQ@` (UN/15KG),CN,15000,16
S6-UV505K2B-U-R-EX,tu|TOTjQ@a (UN/15KG),CN,15000,16
S6-UV542BBA-U-R-EX,tu|TSQaa@` (UN/15KG),CN,15000,16
S6-UV542BBB-U-R-EX,tu|TSQaa@a (UN/15KG),CN,15000,16
S7-A-M15-R-EX,oo˔ph`^Cv (UN/15KG),CN,15000,16
S7-B-M-R-EX,oo˔pa^Cv (UN/15KG),CN,15000,16
S7-C-M-R-EX,oo˔pb^Cv (UN/15KG),CN,15000,16
S7-PRSKA-CL-R-EX,oq|r() `t(԰j(UN/15KG),CN,15000,16
S7-PRSKA-CL-R-EX-THI,oq|r() `t(԰j(UN/15KG),CN,15000,16
S7-PRSKB-M-R-EX,oq|r() at(Ёj(UN/15KG),CN,15000,16
S9-U320-TH-R-EX,t|RQO Vi[ (UN/15KG),CN,15000,16
S9-UL100-L-R-EX,tk|POO^[_[ (UN/15KG),CN,15000,16
S11-KHT2-T-R-EX,jgs|Q() gbv (UN/15KG),CN,15000,16
S11-PPS200-U-R-EX,oor|QOO A_[ (UN/15KG),CN,15000,16
S11-PT04A-T-R-EX,os|OS ` (UN/15KG),CN,15000,16
S11-PT04B-T-R-EX,os|OS a (UN/15KG),CN,15000,16
S11-PT04S-T-R-EX,os|OSgbv (UN/15KG),CN,15000,16
S3-FK13SKA-U-R-EX,ej|PRr() `t (UN/13KG),CN,13000,14
S3-FK13SKA-U-R-EX-T,ej|PRr() `t (UN/13KG),CN,13000,14
S3-FK13SKB-U-R-EX,ej|PRr() at (UN/12KG),CN,12000,13
S3-FK13SKB-U-R-EX-T,ej|PRr() at (UN/12KG),CN,12000,13
S3-KT3A-U-R-EX,js|R@`t (UN/15KG),CN,15000,16
S3-KT3B-U-R-EX,js|R@at (UN/14KG),CN,14000,15
S3-KT3B-U-R-EX-THI,js|R@at (UN/14KG),CN,14000,15
S3-N404K2A-U-R-EX,m|SOSjQ@`t (UN/15KG),CN,15000,16
S3-N404K2A-U-R-EX-E,m|SOSjQ@`t (UN/15KG),CN,15000,16
S3-N404K2A-U-R-EX-T,m|SOSjQ@`t (UN/15KG),CN,15000,16
S3-N404K2B-U-R-EX,m[SOSjQ@at (UN/15KG),CN,15000,16
S3-N404K2B-U-R-EX-E,m[SOSjQ@at (UN/15KG),CN,15000,16
S3-N404K2B-U-R-EX-T,m[SOSjQ@at (UN/15KG),CN,15000,16
S3-N404K2-U-R-EX,m|SOSjQA_[ (UN/15KG),CN,15000,16
S4-AASA-U-R-EX,``rP `t (UN/15KG),CN,15000,16
S4-AASA-U-R-EX-THI,``rP `t (UN/15KG),CN,15000,16
S4-AASB-U-R-EX,``rP at (UN/15KG),CN,15000,16
S4-AASB-U-R-EX-THI,``rP at (UN/15KG),CN,15000,16
S4-K706CLA-U-R-EX,j|VOUbk `t (UN/14KG),CN,14000,15
S4-K706CLA-U-R-EX-T,j|VOUbk `t (UN/14KG),CN,14000,15
S4-K706CLC-U-R-EX,j|VOUbk bt (UN/14KG),CN,14000,15
S4-K706CLC-U-R-EX-T,j|VOUbk bt (UN/14KG),CN,14000,15
S4-K706CLKA-U-R-EX,j|VOUbk()`t (UN/14KG),CN,14000,15
S4-K706CLKC-U-R-EX,j|VOUbk()bt (UN/14KG),CN,14000,15
S4-KS042A-U-R-EX,jr|OSQ `t (UN/15KG),CN,15000,16
S4-KS042B-U-R-EX,jr|OSQ at (UN/15KG),CN,15000,16
S4-PPR82-3A-U-R-EX,ooq|WQiRj ` (UN/15KG),CN,15000,16
S4-PPR82-3B-U-R-EX,ooq|WQiRj a (UN/15KG),CN,15000,16
S4-PPR82-3C-U-R-EX,ooq|WQiRj b (UN/15KG),CN,15000,16
S5-593P-T-R-EX,TXRvp[ (UN/15KG),CN,15000,16
S5-593P-T-R-EX-THI,TXRvp[ (UN/15KG),CN,15000,16
S5-FK2K1-T-R-EX,ej|Q()P gbv (UN/15KG),CN,15000,16
S5-FK2K-T-R-EX,ej|Q() gbv (UN/15KG),CN,15000,16
S5-FK2K-T-R-EX-THI,ej|Q() gbv (UN/15KG),CN,15000,16
S15-RT48BLK-101,qs|SWubNPOP (14KG),CN,14000,15
S15-RT48BRW-140,qs|SWuEPSO (14KG),CN,14000,15
S4-BS421ABLKSD-4-U,ar|SQP`|akj|rc (4KG),CN,4000,4.5
S5-RT186BL05K-T-R-EX,qs|PWUٰį(0.5)-1 (UN/14KG),CN,14000,15
S15-RT48G-N216,qs|SWFm|QPU (14KG),CN,14000,15
S0-GUN-A,KN[i[` (16gj,CN,14000,15
S7-MP003PSL-M,lo-OOR-ork (15KG),CN,15000,16
S9-MP003-TH,lo|OORVi[ (15KG),CN,15000,16
S9-UL430-L,tk|SRO^[_[ (15KG),CN,15000,16
S15-ST32G-D710,rs|RQFc|VPO (15KG),CN,15000,16
