相手先コード１,相手先コード２,相手先区分,所要日数,相手先略称,相手先名称１,相手先名称２,相手先名称３,郵便番号１,郵便番号２,住所１,住所２,住所３,電話番号,ＦＡＸ番号
T0070,H074,5,1,伊藤真空　本社,伊藤真空株式会社　本社,,,457,843,名古屋市南区忠次１丁目８－２２,,,052-691-7265,
T3160,H157,5,1,トリックス,トリックスプロシード株式会社,,,461,40,名古屋市東区矢田３－２－５５,,,052-725-9230,
T0070,H087,5,1,澤政,澤政興業株式会社,,,460,24,名古屋市中区正木２－１３－８,,,052-331-6510,
T0070,H121,5,1,名和,有限会社　名和スクリーン,,,463,37,名古屋市守山区天子田２－２２０,,,052-771-7735,
T3360,,4,1,二葉,二葉産業株式会社,,,463,808,名古屋市守山区花咲台２－５０１,,,052-739-0661,052-739-0666
T3160,H137,5,1,白金鍍金,白金鍍金工業株式会社,,,463,808,名古屋市守山区花咲台２－１００１,,,052-739-0739,
T3360,H106,5,1,白金鍍金,白金鍍金工業株式会社,,,463,808,名古屋市守山区花咲台２－１００１,,,052-739-0739,052-739-0639
T2880,GZS04,5,1,名古屋築港 9号地,㈱築港　9号地倉庫,,,455,28,名古屋市港区潮見町10-3,,,052-614-4600,
T2880,JUS02,5,1,築港9号地,㈱築港9号地倉庫,,,455,28,名古屋市港区潮見町10-3,,,052-614-4600,
T0800,H116,5,3,東洋鍍金　第２工場,東洋鍍金株式会社　第２工場,,,63,836,北海道札幌市西区発寒16条14丁目-6-60,,,011-661-8131,
T0800,,4,3,東洋鍍金,東洋鍍金株式会社,,,63,834,北海道札幌市西区発寒１４条,１１丁目１－４３,,011-665-4433,011-665-4715
T3120,,4,3,上原ネームプレート,上原ネームプレート工業株式会社,,,78,8271,北海道旭川市工業団地１条２丁目３番地３３,,,0166-36-1777,0166-39-7020
T2860,,4,1,関東光器,関東光器株式会社,,,254,16,平塚市東八幡５－１０－１６,東八幡工業団地内,,046-322-7787,046-322-7995
T2900,H083,5,1,パナソニックライティ,パナソニックライティングシステムズ(株),春日工場,,669,4141,兵庫県丹波市春日町黒井９０８,,,0795-74-1211,0795-74-1363
T1037,H173,5,1,ﾑﾈｶﾀ㈱福島,ムネカタ株式会社　福島ファクトリー,,,960,8506,福島県福島市蓬菜町１－１１－１,,,024-547-2635,024-547-2555
T1031,H054,5,1,箭内硝子,箭内硝子株式会社　郡山工場,,,963,551,福島県郡山市喜久田町,字菖蒲池２２－１７３,,024-959-2710,
T2880,H172,5,1,ﾌｧﾙﾃｯｸ　北関東,株式会社　ファルテック　北関東工場,福島地区,,970,1375,福島県いわき市三和町中三坂字湯の向１０５,,,0246-85-2111,0246-85-2114
T3210,H061,5,2,ランズバーグ,ランズバーグ・インダストリー株式会社,,,816,92,福岡県福岡市博多区東那珂３－５－２７,,,092-472-1335,
T1032,H039,5,2,大宝九州,大宝九州㈱　　大牟田工場,,,836,835,福岡県大牟田市西宮浦町132-3,,,0944-43-6266,0944-43-6255
T0060,H079,5,2,ニシイ,株式会社　ニシイ,久留米支店,,830,48,福岡県久留米市梅満町１７１３－７,,,0942-65-9241,0942-65-9251
T2960,H166,5,1,ﾌｨｱﾛｺｰﾎﾟ 栃木工場,株式会社　ﾌｨｱﾛｺｰﾎﾟﾚｰｼｮﾝ　栃木工場,,,321,3325,栃木県芳賀郡芳賀町芳賀台１１３,,,028-677-2611,028-677-2791
T0020,H187,5,2,シーズ,株式会社　シーズ,,,321,202,栃木県下都賀郡壬生町,おもちゃの町４－２－２０,,0282-86-2827,
T0610,,4,2,吉田塗装,株式会社　吉田塗装所,,,321,202,栃木県下都賀郡壬生町,おもちゃの町４－７－１９,,0282-86-0279,0282-86-0239
T0070,H151,5,2,川口スプリング,株式会社　川口スプリング製作所,,,329,2213,栃木県塩谷郡塩谷町大字熊ノ木１３５６,,,0287-45-1231,
T2880,H169,5,2,川口ｽﾌﾟﾘﾝｸﾞ,株式会社　川口スプリング製作所,,,329,2213,栃木県塩谷郡塩谷町大字熊ノ木１３５６,,,0287-45-1231,
T0050,KEL01,5,1,伊坂藤枝,伊坂化成㈱　藤枝支店,,,426,3,藤枝市下当間２０２－５,,,054-643-6400,
T1035,,4,1,スタンレー本社,スタンレー電気株式会社　本社,,,153,8636,東京都目黒区中目黒２－９－１３,,,03-3710-2222,03-3710-2351
T0015,H043,5,1,影山,株式会社　影山鍍金工業所,,,131,43,東京都墨田区立花１－１１－７,,,03-3619-3636,
T0015,H111,5,1,松沢,松沢鍍金工業,,,131,31,東京都墨田区墨田４－４３－１２,,,03-3614-2387,
T0493,,4,1,上原電装,有限会社　上原電装,,,131,42,東京都墨田区東墨田２－２１－５,,,03-3618-3311,03-3618-3311
T3340,,4,1,フォルム,株式会社　フォルム,,,183,35,東京都府中市四谷４－５９－１７,,,042-361-6066,042-361-5990
T3340,H082,5,1,フォルム　別館,株式会社　フォルム別館,処理課　諸星様,,183,35,東京都府中市四谷４－５６－１２,,,042-361-6073,
T1031,H190,5,1,小山化工,小山化工株式会社,,,142,62,東京都品川区小山６－１５－６,,,03-0714-2618,
T0820,,4,1,橋本塗装,有限会社　橋本塗装工芸,,,174,63,東京都板橋区前野町３－５０,,,03-3960-5612,
T3080,,4,1,アイテム,株式会社　アイテム,,,192,32,東京都八王子市石川町２９６３－４,,,0426-39-0301,0426-39-0302
T3800,,4,1,アペックス,株式会社　アペックス,,,192,24,東京都八王子市宇津木町５２３番地１,,,042-646-3500,042-646-7277
T3710,,4,1,西東京ケミックス,西東京ケミックス株式会社,,,192,33,東京都八王子高倉町２－１,,,042-645-5841,042-645-5831
T2880,,4,1,長瀬,長瀬産業株式会社,モビリティソリューションズ事業部,,103,24,東京都中央区日本橋小舟町５－１,,,03-3665-3773,03-3665-3026
T3740,,4,1,長瀬産業　ｺｰﾃｨﾝｸﾞ,長瀬産業株式会社　コーティング材料部,,,103,8355,東京都中央区日本橋小舟町５－１,,,03-3665-3820,03-3665-3181
T3170,,4,1,河口化学,河口化学　有限会社,,,144,51,東京都大田区西蒲田,３－２２－３－１０１,,03-3752-6478,03-3752-6479
T1220,,4,1,和光,有限会社　和光,,,144,54,東京都大田区新蒲田３－３０－１２,,,03-3733-6756,03-3736-6768
T3730,,4,1,ﾌﾟﾗｼｰｽﾞ,株式会社　プラシーズ,,,111,52,東京都台東区柳橋１－２－１２,柳橋Ｍビル２Ｆ,,03-6858-3561,03-6858-3700
T3600,,4,1,三和バキューム,三和バキューム,,,123,851,東京都足立区梅田７－２６－６,,,03-3887-4972,
T0011,,4,1,東新油脂,東新油脂株式会社,,,123,851,東京都足立区梅田５－１４－１１,,,03-3886-3135,03-3840-3136
T2900,,4,1,極東,極東貿易株式会社,,,100,8670,東京都千代田区大手町２－２－１,,,03-3244-3890,03-3246-2076
T2900,H032,5,1,極東,極東貿易株式会社,,,,,東京都千代田区大手町２－２－１,,,,
T1100,,4,1,長城,有限会社　長城通商,,,150,1,東京都渋谷区神宮前３－２６－３,エバーキャッスル　２Ｆ,,03-5775-5268,03-5775-5218
T3300,,4,1,ボルテックス,株式会社　ボルテックスサポート,東京事務所,,105,13,東京都港区浜松町１－２５－１１,ミヤシタビル５階,,03-5733-3556,03-5733-3557
T3090,,4,1,オズワークス　インタ,オズワークス　インターナショナル,,,105,13,東京都港区浜松町　１－２５－１１,ミヤシタビル５Ｆ,,03-6450-1090,03-6450-1574
T3390,,4,1,双日,双日プラネット株式会社,,,107,8655,東京都港区赤坂２－１４－２７,国際新赤坂ビル東館,,03-5520-4044,03-6234-3462
T3430,,4,1,小糸,株式会社　小糸製作所　（本社）,,,108,8711,東京都港区高輪4-8-3,,,03-3443-7111,
T3410,,4,1,横浜化成,横浜化成株式会社,,,108,8388,東京都港区高輪２－２１－４３,ＹＣＣ高輪ビル８Ｆ,,03-5421-8266,03-4521-8470
T3510,,4,1,豊通ｹﾐﾌﾟﾗｽ 東京,豊通ケミプラス株式会社　東京自動車材料部,車載部材ｸﾞﾙｰﾌﾟ,,108,8202,東京都港区港南２－３－１３,品川フロントビル 12階,,03-4306-5466,03-4306-8904
T2900,USS01,5,1,イイノエンター,イイノエンタープライズ株式会社,有明倉庫,,135,63,東京都江東区有明４－２－７,,,03-3529-5521,03-3529-5521
T1031,H037,5,1,箭内硝子㈱,箭内硝子㈱,,,,,東京都江東区亀戸4-44-14,,,03-36844-3030,
T3220,,4,1,エイアイエム,株式会社　エイアイエム,,,132,1,東京都江戸川区新堀１－２７－１２,,,03-5636-4816,03-5636-4817
T0015,H129,5,1,渡辺塗装,有限会社　渡辺塗装,,,133,43,東京都江戸川区松本２－３７－２１,,,03-3652-5447,
T0770,,4,1,滝沢鍍金,有限会社　滝沢鍍金工業所,,,123,25,東京都江戸川区松江４－２２－１８,,,03-3651-3692,03-5662-2986
T0740,,4,1,三友電化,三友電化株式会社,,,124,12,東京都葛飾区立石２－８－４,,,03-3693-1161,03-3697-4939
T0760,,4,1,エフグッズ,株式会社　エフグッズ,,,124,11,東京都葛飾区四つ木４－１３－１４,,,03-3691-4811,03-3694-8373
T3420,,4,1,日東光学,日東光学株式会社,,,392,131,長野県諏訪市湖南4529,,,0266-57-4807,0266-52-1691
T1032,H089,5,2,豊洋メット,株式会社　豊洋メット,,,879,614,大分県豊後高田市大字来縄２７３６－１,,,0978-22-1177,0978-22-1178
T1032,H159,5,2,萬松,株式会社　萬松,,,879,124,大分県中津市大字田尻崎１２－２,,,0979-32-5537,0979-32-5493
T2920,H081,5,2,九州市光,九州市光工業株式会社,,,871,101,大分県中津市三光森山３２１－４,,,0979-43-6531,
T2890,,4,2,ホンダ太陽,ホンダ太陽株式会社　日出工場,,,879,1505,大分県速見郡日出町大字川崎３９６８,,,0977-73-1414,0977-73-1400
T2890,H066,5,2,ホンダ太陽 日出工場,ホンダ太陽株式会社　日出工場,,,879,1505,大分県速見郡日出町大字川崎３９６８,,,0977-73-1414,0977-73-1400
T3440,,4,2,九州南部化成,九州南部化成株式会社,,,879,4414,大分県玖珠郡玖珠町大字大隈２１８,,,0973-72-5477,0973-72-5486
T1210,H124,5,2,九州南部化成,九州南部化成株式会社,,,879,4414,大分県玖珠郡玖珠町大隈２１８,,,0973-72-5485,
T3780,H196,5,2,九州南部化成㈱蒸着課,九州南部化成株式会社,蒸着課,,879,4414,大分県玖珠郡玖珠町大隈２１８,,,0973-72-5485,
T3460,H118,5,1,パナソニック照明,パナソニック電工株式会社,照明事業本部　施設・店舗照明事業部,商品技術グループ,571,8686,大阪府門真市門真1048,,,06-6908-7364,
T3460,,4,1,パナソニック照明,パナソニック電工株式会社,照明綜合技術センター,材料・光学技術グループ,571,8686,大阪府門真市大字門真1048,,,06-6908-7362,06-6906-6349
T0070,H168,5,1,ミツモト,株式会社　ミツモト,,,599,8243,大阪府堺市中区見野山１１３－４,,,072-237-8868,
T1031,H053,5,1,日本エイアンドエル,日本エイアンドエル株式会社,ＡＢＳ事業部,,592,8501,大阪府高石市高砂１丁目６番,,,072-268-3552,
T3310,,4,1,大橋化学,大橋化学工業株式会社,大阪営業所,,567,28,大阪府茨木市畑田町６番２１号,,,072-625-2271,072-625-0337
T2880,GZS05,5,1,丸一海運,丸一海運株式会社　大阪港化学品センター,,,559,0,大阪市住之江区南港北３－４－９９,,,06-6612-3371,
T2880,JUS05,5,1,丸一海運,丸一海運株式会社　大阪港化学品センター,,,559,34,大阪市住之江区南港北３－４－９９,,,06-6612-3371,06-6613-3941
T2880,MAE01,5,1,丸一海運,丸一海運株式会社　大阪港化学品センター,,,559,0,大阪市住之江区南港北３－４－９９,,,06-6612-3371,06-6612-3371
T2880,TES01,5,1,丸一海運,丸一海運㈱　大阪港化学品センター,,,559,34,大阪市住之江区南港北３－４－９９,,,06-6612-3371,
T2880,VES04,5,1,丸一海運,丸一海運株式会社,,,559,34,大阪市住之江区南港北3-4-99,大阪港化学品センター,,06-6612-3371,
T2850,KOS02,5,1,丸一海運,丸一海運株式会社,,,559,0,大阪市住之江区港北３－４－９９,,,06-6612-3371,06-6613-3941
T1031,H050,5,1,光輝社,株式会社　光輝社,,,211,53,川崎市中原区上小田中,７－１３－２４,,044-733-5195,044-733-5198
T3130,,4,1,日本バンパー,日本バンパー販売株式会社,,,332,3,川口市東領家４－２０－２,,,048-225-0591,048-225-0593
T0100,H144,5,1,マスニ,株式会社　マスニ,,,292,212,千葉県木更津市真里１８４０,,,0438-53-2589,
T3500,H189,5,1,ﾏｽﾆ,株式会社　マスニ,,,292,212,千葉県木更津市真理１８４０,,,0438-53-2589,0438-53-2918
T0100,,4,1,柏真空,有限会社　柏　真空,,,277,872,千葉県柏市十余二２０８－１２,,,0471-31-7262,0471-31-7489
T0320,H109,5,1,柏,有限会社　柏真空,,,277,872,千葉県柏市十余二２０８－１２,,,0471-31-7262,0471-31-7489
T0491,,4,1,ヒダン外装,株式会社　ヒダン　外装チーム,,,274,52,千葉県船橋市鈴身町６０６番地１１,,,047-490-0888,047-490-0970
T0492,,4,1,ヒダン購買課,株式会社　ヒダン　購買課,,,274,52,千葉県船橋市鈴身町６０６番地１１,,,047-490-0888,047-490-0970
T1210,AIR02,5,1,商船三井　成田,商船三井ロジスティクス㈱,成田ロジスティクスセンター,気付　名古屋支店,286,113,千葉県成田市南三里塚78-7,プロロジスパーク成田　1-B,,0476-35-6183,
T1210,GZK04,5,1,商船三井成田,商船三井ロジスティクス㈱　成田,ロジスティクスセンター,気付　名古屋支店,286,13,千葉県成田市南三里塚78-7,プロロジスパーク成田　1-B,,0476-35-6183,
T1210,IDK03,5,1,商船三井成田ロジス,商船三井ロジスティクス㈱　成田,ロジスティクスセンター,気付　名古屋支店,286,113,千葉県成田市南三里塚78-7,プロロジスパーク成田　1-B,,0476-35-6183,
T1210,INK03,5,1,商船三井　成田,商船三井ロジスティクス㈱　成田,ロジスティクスセンター　石井様,,,,千葉県成田市南三里塚78-7,プロロジスパーク成田1-B,,0476-35-6183,
T1210,INM04,5,1,商船三井　成田,商船三井ロジスティクス（株）,成田ロジスティクスセンター,,286,13,千葉県成田市南三里塚78-7,AMB 成田エアーカーゴセンターＢ棟　1階,,0476-35-6183,
T1210,INN01,5,1,商船三井成田,商船三井ロジスティクス㈱　成田,ロジスティクスセンター,,286,113,千葉県成田市南三里塚78－7,プロロジスパーク成田　1-B,,0476-35-6183,0476-35-6184
T1210,SAH04,5,1,商船三井成田,商船三井ロジスティクス㈱　成田,ロジスティクスセンター,,286,113,千葉県成田市南三里塚78-7,AMB成田エアーカーゴセンターＢ棟1階,,0476-35-6183,
T1210,SAL02,5,1,商船三井成田,商船三井ロジスティクス（株）,成田ロジスティクスセンター,,286,113,千葉県成田市南三里塚78-7,プロロジスパーク成田1-B,,0476-35-6183,
T1210,TAD07,5,1,商船三井成田,商船三井ロジスティクス㈱　成田,ロジスティックセンター,,286,113,千葉県成田市南三里塚78-7,プロロジスパーク成田1-B,,0476-35-6183,
T1210,THK03,5,1,商船三井成田ロジス,商船三井ロジスティクス㈱　成田,ロジスティクスセンター,気付　名古屋支店,286,113,千葉県成田市南三里塚78-7,プロロジスパーク成田　1-B,,0476-35-6183,
T1210,THK04,5,1,商船三井成田AMB,商船三井ロジスティクス(株),成田ロジスティクスセンター,,286,113,千葉県成田市南三里塚78-7,AMB成田エアーカーゴセンターB棟1階,,0476-35-6183,
T1210,TKTT2,5,1,商船三井(株)成田,商船三井ロジスティック株式会社,成田ロジスティクスセンター　石井　様,,286,113,千葉県成田市南三里塚７８－７,プロロジスパーク成田１－Ｂ,,0476-35-6183,
T2880,IDL02,5,1,日通商事㈱成田サテラ,日通商事株式会社　成田サテライト,日通航空成田空港物流ｾﾝﾀｰ生鮮棟内,,287,225,千葉県成田市東和泉字鏡前443-50,,,0476-36-3270,
T2880,AIR01,5,1,日通商事成田,日通商事株式会社　成田サテライト,成田空港物流ｾﾝﾀｰ生鮮棟内,,286,826,千葉県成田市東和泉字境前443-50,,,0476-36-3270,
T2880,GZS07,5,1,日通商事㈱成田ｻﾃﾗｲﾄ,日通商事株式会社　成田サテライト,,,286,826,千葉県成田市東和泉字境前４４３－５０,日通航空成田空港物流センター生鮮棟内,,0476-36-3270,
T2880,HAS03,5,1,日通商事㈱成田梱包,日通商事㈱成田サテライト,日通航空物流ｾﾝﾀｰ生鮮棟内,,287,225,千葉県成田市東和泉字境前443-50,,,0467-36-3270,
T2880,INS04,5,1,日通商事㈱成田サテラ,日通商事株式会社　成田サテライト,日通航空成田空港物流センター生鮮棟内,,287,225,千葉県成田市東和泉字境前４４３－５０,,,0476-36-3270,
T2880,JUS03,5,1,日通商事㈱成田サテラ,日通商事㈱成田サテライト,,,286,826,千葉県成田市東和泉字境前443-50,日通航空成田空港物流センター生鮮棟内,,0476-36-3270,
T2880,MAI03,5,1,日通商事㈱成田サテラ,日通商事㈱成田サテライト,,,286,826,千葉県成田市東和泉字境前443-50,,,0476-36-3270,
T2880,WUS01,5,1,日通商事㈱成田ｻﾃﾗｲﾄ,日通商事株式会社　成田サテライト,,,286,826,千葉県成田市東和泉字境前443-50,日通航空成田空港物流センター生鮮棟内,,0476-36-3270,
T2880,INN12,5,1,日通商事㈱成田サテラ,日通商事株式会社　成田サテライト,日通航空成田空港物流ｾﾝﾀｰ　生鮮棟内,,286,826,千葉県成田市東和泉字境前　443-50,日通航空成田空港物流ｾﾝﾀｰ　生鮮棟内,,0476-36-3270,0476-36-3271
T1210,AIR03,5,1,TASエクスプレス㈱,ＴＡＳエクスプレス㈱,成田ターミナル保税蔵地場,,287,242,千葉県成田市多良貝245-3031,,,0476-49-0201,
T1210,AIR04,5,1,日祥物流　成田,株式会社　日祥物流　成田ターミナル,,,287,242,千葉県成田市多良貝２４５－３０３１,,,0476-49-0201,0476-49-0205
T1210,BRK02,5,1,日祥物流　成田,株式会社　日祥物流 成田ﾀｰﾐﾅﾙ,三井倉庫ｴｸｽﾌﾟﾚｽ/浅香様扱い,,287,242,千葉県成田市多良貝245-3031,,,0476-49-0201,
T1210,GZK06,5,1,日祥物流　成田,株式会社 日祥物流　成田ターミナル,,,287,242,千葉県成田市多良貝245-3031,,,0476-49-0201,0476-49-0205
T1210,IDK05,5,1,日祥物流　成田ﾀｰﾐﾅﾙ,株式会社　日祥物流　成田ターミナル,気付　三井倉庫エクスプレス株式会社,,287,242,千葉県成田市多良貝２４５－３０３１,,,0476-49-0201,
T1210,INK07,5,1,三井倉庫エクスプレス,三井倉庫エクスプレス株式会社,成田ターミナル保税蔵地場,,287,242,千葉県成田市多良貝２４５－３０３１,,,0476-49-0201,
T1210,INK08,5,1,日祥物流成田ﾀｰﾐﾅﾙ,株式会社日祥物流　成田ﾀｰﾐﾅﾙ　気付,三井倉庫エクスプレス株式会社,,287,242,千葉県成田市多良貝245-3031,,,0476-49-0201,
T1210,INM02,5,1,TASエクスプレス成田,TASエクスプレス(株),成田ターミナル保税蔵地場　日祥物流内,,287,242,千葉県成田市多良貝２４５－３０３１,,,0476-49-0201,
T1210,INN05,5,1,日祥物流　成田ﾀｰﾐﾅﾙ,株式会社　日祥物流　成田ターミナル,気付　三井倉庫エクスプレス株式会社,,287,242,千葉県成田市多良貝２４５－３０３１,,,0476-49-0201,0476-49-0205
T1210,INS14,5,1,三井倉庫ｴｸｽﾌﾟﾚｽ,三井倉庫エクスプレス株式会社,成田ターミナル保税蔵置場,,287,242,千葉県成田市多良貝２４５－３０３１,,,0476-49-0201,
T1210,KCZ02,5,1,日祥物流　成田,株式会社　日祥物流　成田ターミナル,気付 三井倉庫エクスプレス株式会社,,287,242,千葉県成田市多良貝２４５－３０３１,,,0476-49-0201,
T1210,KCZ03,5,1,三井倉庫エクスプレス,三井倉庫エクスプレス株式会社,成田ターミナル保税蔵地場,,287,242,千葉県成田市多良貝２４５－３０３１,,,0476-49-0201,
T1210,RUK01,5,1,(株)日祥物流成田,株式会社 日祥物流 成田ﾀｰﾐﾅﾙ,三井倉庫ｴｸｽﾌﾟﾚｽ/浅香様扱い,,287,242,千葉県成田市多良貝245-3031,,,0476-49-0201,
T1210,SAL04,5,1,日祥物流成田ﾀｰﾐﾅﾙ,株式会社　日祥物流　成田ターミナル　気付,三井倉庫エクスプレス株式会社,,287,242,千葉県成田市多良貝２４５－３０３１,,,0467-49-0201,
T1210,SAL05,5,1,三井倉庫エクスプレス,三井倉庫エクスプレス株式会社,成田ターミナル保税蔵地場,,287,242,千葉県成田市多良貝２４５－３０３１,,,0476-49-0201,
T1210,SHK01,5,1,TASエｸスプレス成田,TASエｸスプレス㈱,成田ターミナル保税蔵地場　日祥物流内,,287,242,千葉県成田市多良貝245-3031,,,0476-49-0201,0476-49-0205
T1210,SHK05,5,1,日祥物流成田ターミナ,株式会社日祥物流　成田ターミナル,三井倉庫エクスプレス,,287,242,千葉県成田市多良貝245-3031,,,0476-49-0201,
T1210,TAD10,5,1,日祥物流　成田ﾀｰﾐﾅﾙ,株式会社　日祥物流　成田ターミナル,三井倉庫エクスプレス　浅香様/森永様扱い,,287,242,千葉県成田市多良貝245-3031,,,0476-49-0201,
T1210,THB02,5,1,日祥物流　成田,株式会社　日祥物流　成田ターミナル,,,287,242,千葉県成田市多良貝２４５－３０３１,,,0476-49-0201,
T1210,THK05,5,1,TASエクスプレス成田,ＴＡＳエクスプレス株式会社,成田ターミナル保税蔵地場(日祥物流内),,287,242,千葉県成田市多良貝２４５－３０３１,,,0476-49-0201,
T1210,THK07,5,1,日祥物流　成田ﾀｰﾐﾅﾙ,株式会社 日祥物流 成田ﾀｰﾐﾅﾙ,三井倉庫エクスプレス/浅香様扱い,,287,242,千葉県成田市多良貝245-3031,,,0476-49-0201,
T1210,THS03,5,1,三井倉庫,三井倉庫エクスプレス株式会社,成田ターミナル保税蔵地場　日祥物流内,,287,242,千葉県成田市多良貝２４５－３０３１,,,0476-49-0201,
T1210,THS04,5,1,ＴＡＳエクスプレス,ＴＡＳエクスプレス株式会社,成田ターミナル保税蔵地場(日祥物流内),,287,242,千葉県成田市多良貝２４５－３０３１,,,0476-49-0201,
T1210,THV03,5,1,日祥物流　成田ﾀｰﾐﾅﾙ,株式会社日祥物流　成田ﾀｰﾐﾅﾙ,（三井倉庫エクスプレス）,,287,242,千葉県成田市多良貝245-3031,,,0476-49-0201,
T1210,TKTT3,5,1,日祥物流成田ﾀｰﾐﾅﾙ,株式会社日祥物流　成田ﾀｰﾐﾅﾙ　気付,三井倉庫エクスプレス株式会社,,287,242,千葉県成田市多良貝245-3031,,,0476-49-0201,
T1210,UKK05,5,1,三井倉庫エクスプレス,三井倉庫エクスプレス株式会社,成田ターミナル保税蔵地場,,287,242,千葉県成田市多良貝245-3031,,,0476-49-0201,
T1210,UKK06,5,1,日祥物流　成田,株式会社　日祥物流　成田ターミナル,三井倉庫エクスプレス株式会社,,287,242,千葉県成田市多良貝２４５－３０３１,,,0476-49-0201,
T1210,VES11,5,1,日祥物流　成田ﾀｰﾐﾅﾙ,株式会社　日祥物流　成田ターミナル,気付 三井倉庫エクスプレス株式会社,,287,242,千葉県成田市多良貝２４５－３０３１,,,0476-49-0201,0476-49-0205
T1210,VES14,5,1,三井倉庫,三井倉庫エクスプレス株式会社,成田ターミナル保税蔵地場,,287,242,千葉県成田市多良貝２４５－３０３１,,,0476-49-0201,
T2880,AIR03,5,1,日祥物流,株式会社日祥物流,成田ターミナル保税蔵置場,,287,242,千葉県成田市多良貝245-3031,,,0476-49-0201,
T2880,INS03,5,1,㈱日祥物流　成田,株式会社　日祥物流,成田ターミナル保税蔵置場,,287,242,千葉県成田市多良貝245-3031,,,0476-49-0201,
T3090,CHD01,5,1,阪神エアーカーゴ,阪神エアーカーゴ　成田物流センター,,,287,242,千葉県成田市多良貝245-161,成田流通団地A/B棟,,0476-49-0351,0476-49-0557
T2850,GAS01,5,1,国際空港上屋,国際空港上屋株式会社(IACT-B棟),輸出受付,,282,8691,千葉県成田市成田国際空港第４貨物ビル１Ｆ,,,0476-32-2910,0476-32-7664
T1210,INK09,5,1,日本通運　成田,日本通運 成田第３物流センター,,,286,825,千葉県成田市新泉３０,,,0476-40-9771,
T1210,INN06,5,1,日本通運　成田,日本通運 成田第３物流センター,,,286,825,千葉県成田市新泉３０,,,0476-40-9771,
T1210,INS15,5,1,日本通運　成田,日本通運 成田第３物流センター,,,286,825,千葉県成田市新泉３０,,,0476-40-9771,
T1210,THK08,5,1,日本通運,日本通運株式会社　航空事業支店,成田輸出センター輸出ＣＦＳ第二課,,286,825,千葉県成田市新泉３０,日通成田空港第三物流センター,,0476-40-9771,
T1210,VES15,5,1,日本通運成田,日本通運成田第３物流センター,輸出ＣＦＳ ２課,,286,825,千葉県成田市新泉３０,,,0476-40-9771,
T1210,INM06,5,1,商船三井　成田ロジス,商船三井ロジスティクス(株),成田ロジスティクスセンター,,286,113,千葉県成田市三里塚78-7,ﾌﾟﾛﾛｼﾞｽｽﾊﾟｰｸ成田1-B,,0476-35-6183,
T2880,TES03,5,1,日通商事　成田梱包,日通商事㈱　成田梱包センター,岡葉流通センター内,,287,225,千葉県成田市吉岡1213-1,,,0476-73-6780,
T2880,VES01,5,1,日通商事成田,日通商事株式会社　成田梱包センター,岡葉流通センター内,,287,225,千葉県成田市吉岡1213-1,,,0476-73-6780,
T0015,,4,1,富士商事,株式会社富士商事,,,271,68,千葉県松戸市古ヶ崎４－３５６７,,,047-362-2429,047-710-2925
T0950,,4,1,山口プレス,株式会社　山口プレスセンター,,,272,14,千葉県市川市田尻１－１０－２１,,,047-370-5611,047-379-3300
T0110,,4,1,京葉,京葉真空株式会社,,,272,35,千葉県市川市新田２－１－１５,,,047-370-4511,047-370-4575
T2880,GZS10,5,1,西鉄　成田梱包営業所,西鉄物流株式会社　成田梱包営業所,,,289,1602,千葉県山武郡芝山町菱田１１５５番地１,,,0479-78-0551,
T2880,HAS06,5,1,西鉄　成田梱包営業所,西鉄物流株式会社　成田梱包営業所,,,289,1602,千葉県山武郡芝山町菱田１１５５番地１,,,0479-78-0551,
T2880,USF04,5,1,西鉄物流,西鉄物流株式会社　梱包センター,,,289,1602,千葉県山武郡芝山町菱田１１５５番地１,,,0479-78-0551,
T2900,USS03,5,1,西鉄物流　成田,西鉄物流株式会社　成田支店梱包営業所,,,289,1602,千葉県山武郡芝山町菱田１１５５番地１,,,0479-78-0551,0479-78-0561
T3740,THT02,5,1,西鉄物流 成田,西鉄物流株式会社　成田梱包営業所,,,289,1602,千葉県山武郡芝山町菱田１１５５番地１,,,0479-78-0551,
T1210,RUK03,5,1,近鉄コスモス　成田梱,株式会社　近鉄コスモス,成田梱包センター,,289,1603,千葉県山武郡芝山町大里字次木６０－１－４,,,0479-70-9433,
T1210,RUK02,5,1,近鉄ｴｸｽﾌﾟﾚｽ　成田,株式会社　近鉄エクスプレス,成田ターミナル,,289,1603,千葉県山武郡芝山町大里字鴻之巣１５７－１,,,0479-70-9205,
T2880,GZS01,5,1,近鉄エキスプレス成田,㈱近鉄エクスプレス　成田ターミナル,,,289,1603,千葉県山武郡芝山町大里157-1,近鉄成田ターミナル,,0479-70-9205,
T2880,USF02,5,1,朝日森運輸,朝日森運輸株式会社　成田DC,,,289,1606,千葉県山武郡芝山町山田１７１１－１,,,0479-77-3324,
T3090,CHD02,5,1,ＮＳカーゴ,ＮＳカーゴ Ｃ/Ｏ ＡＣカーゴ,オズボルテックスサポート扱い,,289,1601,千葉県山武郡芝山町香山新田字矢志ヶ谷49-3,,,0479-78-8355,
T1210,INK11,5,1,阪急阪神ｴｸｽﾌﾟﾚｽ,株式会社　阪急阪神エクスプレス,,,289,1601,千葉県山武郡芝山町香山新田６５－３,成田カーゴターミナル,,0479-78-8490,
T1210,RUK04,5,1,近鉄ｺｽﾓｽ　成田物流,株式会社　近鉄コスモス,成田物流センター,,289,1601,千葉県山武郡芝山町香山新田５８－１,,,0479-85-8343,
T2900,USS02,5,1,郵船航空サービス,郵船航空サービス㈱　成田ﾛｼﾞｽﾃｨｯｸｾﾝﾀｰ,,,289,1608,千葉県山武郡芝山町岩山字大宿1340-49,,,0479-70-9402,
T2850,KOS06,5,1,丸全昭和運輸㈱,丸全昭和運輸株式会社,,,289,1608,千葉県山武郡芝山町岩山2313-4,成田物流センター　C棟1F,気付　エクスペダイターズ・ジャパン㈱,0479-70-8580,
T1210,TAD12,5,1,西鉄物流,西鉄物流株式会社　梱包センター,,,289,1689,千葉県山武郡芝山町岩山１４８－１５,ＧＬＰ成田１階　第２ゲート,,0479-78-0551,
T2850,AIR02,5,1,NLTプロロジス,NLTプロロジスセンター,,,289,1608,千葉県山武郡芝山町岩山148-15,,,0479-78-0818,
T2850,CHS02,5,1,JALカーゴサービス,JALカーゴサービス　プロロジスセンター,気付　エクスぺダイターズ・ジャパン㈱,,289,1608,千葉県山武郡芝山町岩山148-15,JALカーゴサービス　プロロジスパーク成田,,0479-78-0818,0479-78-0818
T2880,AIR02,5,1,西鉄物流,西鉄物流株式会社　梱包ｾﾝﾀｰ,,,289,1608,千葉県山武郡芝山町岩山148－15,,,0479-78-0551,
T2880,GZS09,5,1,西鉄物流㈱梱包,西鉄物流株式会社　梱包センター,,,289,1608,千葉県山武郡芝山町岩山148-15,,,0479-78-0551,
T2880,HAS05,5,1,西鉄物流㈱梱包,西鉄物流株式会社　梱包センター,,,289,1608,千葉県山武郡芝山町岩山148-15,,,0479-78-0551,
T2880,TES04,5,1,西鉄物流㈱,西鉄物流㈱梱包センター,,,289,1608,千葉県山武郡芝山町岩山148-15,,,0479-78-0551,
T2880,USF01,5,1,西鉄物流,西鉄物流株式会社,梱包センター,,259,1608,千葉県山武郡芝山町岩山１４８－１５,,,0479-78-0551,
T2880,VES03,5,1,JALカーゴサービス,ＪＡＬカーゴサービス,,,289,1608,千葉県山武郡芝山町岩山148-15,プロロジスパーク成田内,,0479-78-0818,
T2880,GZS03,5,1,西鉄物流㈱,西鉄物流㈱成田梱包センター,,,289,1608,千葉県山武郡芝山町岩山1340-48,,,0479-78-0551,
T2880,IDL01,5,1,西鉄物流㈱,西鉄物流㈱　成田梱包センター,,,289,1608,千葉県山武郡芝山町岩山1340-48,,,0479-78-0551,
T2880,INS01,5,1,近鉄エキスプレス成田,株式会社 近鉄エクスプレス　成田ターミナ,,,289,1603,千葉県山武郡芝山町157-1,,,0479-70-9205,0479-70-9205
T1210,INK12,5,1,ｽｶｲﾊﾟｯｷﾝｸﾞ,株式会社　スカイパッキング,,,289,2231,千葉県香取郡多古町飯笹字蛭ヶ谷３６－５,,,0479-76-6031,
T3390,BRS01,5,1,スカイパッキング,株式会社スカイパッキング,,,289,2231,千葉県香取郡多古町飯笹字蛭ヶ谷３６－５,,,0479-76-6031,0479-76-6032
T3580,,4,1,友仁,株式会社　友仁エンジニアリング,,,273,136,千葉県鎌ヶ谷市佐津間,字中山新山１１６７番地７,,047-444-4888,047-441-4671
T3500,,4,1,高圧化工,高圧化工株式会社　千葉工場,,,289,2505,千葉県旭市鎌数１０８１５番地,,,0479-62-2066,0479-62-5174
T0060,PHT02,5,1,鈴与㈱,鈴与㈱清水支店,営業1課航空チーム上屋　中村様,,///,///,静岡市清水区築地町１２－６,柏栄トランス内,,,
T0060,H155,5,1,スギヤマ,株式会社　スギヤマ工業,,,424,104,静岡市清水区草ヶ谷４８２番地,,,054-366-2130,
T0060,PHT01,5,1,アオキトランス,アオキトランス㈱興津ターミナル事務所,,,424,206,静岡市清水区興津清見寺１３７５－１６,,,054-369-6666,
T0050,KEL02,5,1,鈴与メタノールセンタ,鈴与メタノールセンター,溝口様,,424,31,静岡市清水区横砂字若松2252-13,,,054-365-6383,
T0050,TAD02,5,1,鈴与㈱メタノール,鈴与㈱袖師埠頭事業部　ﾒﾀﾉｰﾙｾﾝﾀｰ事務所,,,424,31,静岡市清水区横砂字若松２２５２－１３,,,0543-65-6383,
T0060,H096,5,1,海野技研,海野技研工業,,,421,106,静岡市駿河区北丸子２－３８－２,,,054-258-7773,
T0050,KEL03,5,1,日本通運航空,日本通運航空,鈴木様,,422,8036,静岡市駿河区敷地2丁目7番20号,,,054-237-7614,
T2830,,4,1,トモノ,トモノ産業株式会社,,,422,8063,静岡市駿河区馬渕１丁目１３番地３２号,,,054-285-0488,054-285-0078
T0060,H077,5,1,トモノ,トモノ産業株式会社,,,422,8063,静岡市駿河区馬渕１丁目１３－３２,,,054-285-0488,
T0060,H033,5,1,㈱タミヤ,株式会社　タミヤ,購買部　購買課,,422,8021,静岡市駿河区小鹿1丁目63番地20号,,,054-285-0155,
T0060,PHT03,5,1,タミヤ,株式会社　タミヤ,購買部,,422,8021,静岡市駿河区小鹿1丁目63番地20号,,,054-285-0155,
T1039,H091,5,1,豊樹脂,豊樹脂工業株式会社,,,421,121,静岡市駿河区広野３－２０－１４,,,054-257-7161,054-258-5013
T0060,H048,5,1,富士産業,富士産業株式会社,,,421,412,静岡県牧之原市坂部３２２８番地,,,0548-29-0311,
T1031,H113,5,1,富士産業,富士産業株式会社,,,421,412,静岡県牧之原市坂部３２２８番地,,,0548-29-0311,0548-29-0419
T1039,H038,5,1,富士産業,富士産業株式会社,,,421,412,静岡県牧之原市坂部３２２８番地,,,0548-29-0311,0548-29-0419
T3290,H069,5,1,富士産業,富士産業株式会社,,,421,421,静岡県牧ノ原市坂部３２２８番地,,,0548-29-0311,0548-29-0419
T1039,H018,5,1,エーブル産業,有限会社　エーブル産業,,,431,2102,静岡県浜松市北区都田町９２８７－５,,,053-428-3856,053-428-4095
T1039,H045,5,1,ＯＰＣ,㈱オーピーシー,都田物流センター（本社）,,431,2102,静岡県浜松市北区都田町８４９７－２,,,053-428-7311,053-428-7310
T1039,,4,1,スタンレー浜松,スタンレー電気株式会社　浜松工場,,,431,1304,静岡県浜松市北区細江町中川１７０５,,,053-527-2364,
T1039,H017,5,1,永田塗装,永田塗装株式会社,,,431,2212,静岡県浜松市北区引佐町井伊谷２２５８,,,053-528-2788,
T1039,H097,5,1,永田塗装第２,永田塗装株式会社　第２工場,,,431,2212,静岡県浜松市北区引佐町井伊谷２１５７－６,,,053-542-2389,
T3260,,4,1,ファーム ファクトリ,有限会社　ファーム　ファクトリー,,,432,8063,静岡県浜松市南区小沢渡町６９８－１,,,053-447-4470,053-447-4406
T0070,H051,5,1,アイアン,株式会社　アイアン・カウボーイ,,,435,4,静岡県浜松市東区中野町６０１番地,,,053-582-6777,
T1210,TAD08,5,1,日本通運㈱浜松,日本通運株式会社　浜松航空支店,,,435,1,静岡県浜松市東区上石田1085番地,,,053-431-1139,
T3230,,4,1,ワールド　ホイール,有限会社　ワールド ホイール サービス,,,431,3104,静岡県浜松市東区貴平町１５０６－１,,,053-435-4929,053-435-4419
T1210,,4,1,豊通ｹﾐﾌﾟﾗｽ,豊通ケミプラス株式会社　静岡自動車材料部,静岡材料グループ,,430,7714,静岡県浜松市中区板屋町１１１－２,浜松アクトタワー14F,,053-457-8270,053-457-8229
T3780,,4,1,豊田通商　浜松,豊田通商株式会社　浜松支店,,,430,7714,静岡県浜松市中区板屋町１１１－２,浜松アクトタワー14F,,053-457-8260,053-457-8228
T1037,H128,5,1,金原塗装工場,有限会社　金原塗装工場,,,433,8117,静岡県浜松市中区高丘東２－２０－６２,,,053-437-2704,053-439-8119
T1039,H016,5,1,金原塗装工場,有限会社　金原塗装工場,,,433,8117,静岡県浜松市中区高丘東２－２０－６２,,,053-437-2704,053-439-8119
T1031,H125,5,1,金原塗装,有限会社　金原塗装工場,,,433,8117,静岡県浜松市中区高岳東２－２０－６２,,,053-437-2704,053-439-8119
T1037,H021,5,1,欣電,欣電株式会社　若林工場,,,432,8051,静岡県浜松市若林町２１３５－１,,,053-452-2893,053-452-2893
T3160,H056,5,1,三協化学,三協化学工業株式会社,,,438,2,静岡県磐田市大久保４７８－８,,,0538-38-1117,0538-38-1119
T3160,H070,5,1,ＮＴメカトロ,ＮＴメカトロニクス株式会社,,,438,2,静岡県磐田市大久保４７４－４,,,0538-38-1118,0538-38-1778
T1037,H119,5,1,イジマ,有限会社　イジマ,,,438,206,静岡県磐田市松本１９２－１,,,0538-66-0277,0538-66-0328
T1039,H019,5,1,イジマ,有限会社　イジマ,,,438,206,静岡県磐田市松本１９２－１,,,0538-66-0277,0538-66-0328
T3350,H098,5,1,原田塗装,有限会社　原田塗装工業所,,,438,215,静岡県磐田市小中瀬７１７,,,0538-59-3911,
T0050,H071,5,1,伊坂藤枝,伊坂化成株式会社　藤枝,,,426,3,静岡県藤枝市下当間２０２－５,,,054-643-6400,054-643-3433
T0060,,4,1,伊坂藤枝,伊坂化成株式会社　藤枝,,,426,3,静岡県藤枝市下当間２０２－５,,,0546-43-6400,0546-43-3433
T0060,H047,5,1,美光産業,美光産業株式会社,,,421,1121,静岡県藤枝市岡部町岡部２２０９－１８,,,054-667-3052,
T1032,H007,5,1,美光産業㈱,美光産業株式会社,,,421,1121,静岡県藤枝市岡部町岡部２２０９－１８,,,054-667-3052,054-667-3059
T3520,,4,1,美光産業,美光産業株式会社,,,421,1121,静岡県藤枝市岡部町岡部２２０９－１８,,,054-667-3052,054-667-3059
T0060,H188,5,1,朝日真空㈱,朝日真空株式会社,,,426,2,静岡県藤枝市横内８００－１１,,,054-641-9660,054-644-3896
T1039,INM01,5,1,鈴与袋井,鈴与袋井,,,437,0,静岡県袋井市新池1077,,,0538-41-2288,0538-43-2267
T0060,H058,5,1,肥田電器,肥田電器株式会社,蒸着部,,437,1,静岡県袋井市山田８８５－１,,,0538-49-1650,0538-49-3506
T1210,H127,5,1,小糸　生産技術,株式会社　小糸製作所,生産技術開発部　表面処理ｸﾞﾙｰﾌﾟ,,424,8764,静岡県静岡市清水区北脇５００番地,,,054-345-4401,054-347-6635
T1210,H175,5,1,小糸　静岡製造部,株式会社　小糸製作所　静岡工場　E3 F1,静岡製造部　部品技術課,,424,8764,静岡県静岡市清水区北脇５００番地,,,054-345-7072,
T1210,H179,5,1,小糸,株式会社　小糸製作所,,,424,8764,静岡県静岡市清水区北脇５００番地,,,054-345-2251,
T3770,,4,1,小糸製作所　静岡,株式会社　小糸製作所　静岡工場,,,424,8764,静岡県静岡市清水区北脇500番地,,,054-345-2551,
T1210,H141,5,1,小糸　製品開発,株式会社　小糸製作所,製品開発部,,424,8764,静岡県静岡市清水区北脇500,,,054-345-2251,
T1210,H163,5,1,天幸興業,天幸興業株式会社,,,424,57,静岡県静岡市清水区掘込５８－１,,,0543-44-5514,
T0060,H197,5,1,静浦精工,有限会社　静浦精工,,,422,8053,静岡県静岡市駿河区西中原２－１－３７,,,054-285-7019,
T1210,H132,5,1,城南電機,城南電機工業株式会社,,,421,1315,静岡県静岡市葵区富厚里１３１７－１２,,,054-206-2111,
T0050,,4,1,伊坂本社,伊坂化成株式会社　本社,,,420,68,静岡県静岡市葵区田町３－９２－３,,,054-252-2202,054-272-0098
T0060,H156,5,1,伊坂本社,伊坂化成株式会社　本社,,,420,68,静岡県静岡市葵区田町３－９２－３,,,054-252-2002,054-272-0098
T1210,H133,5,1,タキ倉庫　６号,株式会社　タキ倉庫　６号倉庫,,,424,57,静岡県清水区堀込２６－１,,,0543-45-0883,
T1037,H134,5,1,南部化成　裾野,南部化成株式会社　裾野事業所,,,410,1105,静岡県裾野市下和田８２－１,,,055-965-4144,055-965-4145
T3160,H136,5,1,南部化成　裾野,南部化成株式会社　裾野事業所,,,410,1105,静岡県裾野市下和田８２－１,,,055-965-4148,
T3350,,4,1,南部化成　裾野,南部化成株式会社　裾野事業所,,,410,1105,静岡県裾野市下和田８２－１,,,055-965-4144,055-965-4127
T0060,H006,5,1,吉田技研,有限会社　吉田技研,,,421,303,静岡県榛原郡吉田町片岡９６６－１,,,0548-32-3022,
T1037,H015,5,1,不二蒸着,株式会社　不二蒸着,,,421,302,静岡県榛原郡吉田町川尻９６５番地３,,,0548-32-5993,0548-32-6856
T1039,H015,5,1,不二蒸着,株式会社　不二蒸着,,,421,302,静岡県榛原郡吉田町川尻９６５番地３,,,0548-32-5993,0548-32-6856
T0060,H057,5,1,不二蒸着,株式会社　不二蒸着,,,421,302,静岡県榛原郡吉田町川尻９６５－３,,,0548-32-5993,
T3290,,4,1,不二蒸着,株式会社　不二蒸着,,,421,302,静岡県榛原郡吉田町川尻９６５－３,,,0548-32-5993,0548-32-6856
T1210,H153,5,1,タキ倉庫　榛南,株式会社　タキ倉庫　榛南営業所,,,421,302,静岡県榛原郡吉田町川尻５４９－１,,,0548-32-8110,
T3780,H195,5,1,タキ倉庫　榛南,株式会社　タキ倉庫　榛南営業所,,,421,302,静岡県榛原郡吉田町川尻５４９－１,,,0548-32-8110,
T0060,H203,5,1,カネナカ,カネナカ,,,421,302,静岡県榛原郡吉田町川尻３４４８－９,,,0548-32-6718,0548-32-6720
T1037,H122,5,1,みとも,株式会社　みとも,,,421,301,静岡県榛原郡吉田町住吉３８３２－６,,,0548-32-5099,
T1037,H123,5,1,真永,有限会社　真永,,,421,212,静岡県焼津市利右衛門２７２０－１,,,054-622-4857,
T3350,H105,5,1,真永,有限会社　真永,,,421,212,静岡県焼津市利右衛門２７２０－１,,,054-622-4857,054-270-6969
T0060,H063,5,1,光輝社　焼津,株式会社　光輝社 焼津製作所,,,425,87,静岡県焼津市保福島５６９,,,0546-27-6745,0546-27-6732
T0361,,4,1,光輝社焼津,株式会社　光輝社　焼津製作所,,,425,87,静岡県焼津市保福島５６９,,,054-627-6745,054-627-6732
T3350,H145,5,1,光輝社焼津,株式会社　光輝社　焼津製作所,,,425,87,静岡県焼津市保福島５６９,,,054-627-6745,054-627-6732
T0362,,4,1,光輝社芙蓉,株式会社　光輝社　芙蓉工場,,,425,33,静岡県焼津市小川３５５８,,,054-624-3846,054-623-4578
T0060,H164,5,1,タカハシ工業,株式会社　タカハシ工業,,,437,213,静岡県周智郡森町睦実１１２３番地７,,,0538-84-4811,0538-84-4812
T0070,H104,5,1,タカハシ,株式会社　タカハシ工業,,,437,213,静岡県周智郡森町睦実１１２３－７,,,0538-84-4811,
T3560,,4,1,ＣＢＣ,ＣＢＣ株式会社,ＣＢＣ イングスカンパニー,,411,821,静岡県三島市平田100,,,055-991-7301,055-991-7321
T3330,,4,1,新技術,株式会社　新技術研究所,,,412,47,静岡県御殿場市神場字水上６１６－３,,,0550-80-1000,0550-88-3022
T1032,H100,5,1,三光合成,三光合成株式会社,,,437,1434,静岡県掛川市下土方３５６０,,,0537-74-2512,0537-74-3443
T1037,H005,5,1,三光合成,株式会社　三光合成,,,437,1434,静岡県掛川市下土方３５６０,,,0537-74-2512,0537-74-3443
T3640,,4,1,三光合成,三光合成株式会社　静岡工場,,,437,1434,静岡県掛川市下土方３５６０,,,0537-74-2512,0537-74-3443
T0140,,4,1,相模塗装,相模塗装株式会社,,,254,16,神奈川県平塚市東八幡５－１０－２,東八幡工業団地内,,0463-21-5038,0463-22-5760
T0083,H067,5,1,森谷,株式会社　森谷真空,,,252,823,神奈川県藤沢市菖蒲沢６８,,,0466-48-4811,
T2900,H033,5,1,森谷真空　藤沢工場,㈱森谷真空　藤沢工場,,,252,823,神奈川県藤沢市菖蒲沢　６８番地,,,0466-48-4811,
T0870,,4,1,石井電機,株式会社　石井電機製作所,,,255,5,神奈川県中郡大磯町西小磯２３５,,,0463-61-2163,0463-61-1539
T1900,,4,1,藤原製作所,株式会社　藤原製作所,,,258,113,神奈川県足柄上郡山北町,山北１１０５,,0465-76-4115,0465-75-2111
T3100,,4,1,アシスト,アシスト株式会社,,,252,154,神奈川県相模原市緑区長竹２４０,,,042-780-5211,042-780-5266
T0360,,4,1,光輝社,株式会社　光輝社,,,211,53,神奈川県川崎市中原区上小田中６－８－１８,フィールド３　Ｃ－１,,044-733-5195,044-733-5198
T0083,H120,5,1,森谷　塚越工場,株式会社森谷真空　塚越工場,,,212,24,神奈川県川崎市幸区塚越3丁目415番地,,,044-511-6237,
T2900,H126,5,1,㈱森谷真空　塚越工場,㈱森谷真空　塚越工場,,,212,24,神奈川県川崎市幸区塚越3丁目415番地,,,044-511-6237,044-511-6238
T3720,,4,1,島津製作所,株式会社　島津製作所,,,259,1304,神奈川県秦野市堀山下３８０－１,産業機械事業部,,0463-88-8819,
T3750,,4,1,島津産機ｼｽﾃﾑｽﾞ,島津産機システムズ株式会社,,,259,1304,神奈川県秦野市堀山下３８０－１,,,0463-88-8589,0463-88-8528
T1031,,4,1,スタンレー秦野,スタンレー電気株式会社　秦野製作所,,,257,8555,神奈川県秦野市曽屋４００,,,0463-81-1111,0463-82-7001
T1031,H001,5,1,ｽﾀﾝﾚｰ秦野 部品製造1,スタンレー電気㈱秦野四輪工場,部品製造2課　部品製造1係,,257,8555,神奈川県秦野市曽屋４００,,,0463-84-8277,0463-83-5954
T1031,H002,5,1,ｽﾀﾝﾚｰ秦野 生産３課,スタンレー電気株式会社 秦野四輪工場,生産３課,,257,8555,神奈川県秦野市曽屋４００,,,0463-80-1064,0463-84-8495
T1031,H003,5,1,ｽﾀﾝﾚｰ秦野 生産４課,スタンレー電気株式会社 秦野四輪工場,生産４課,,257,8555,神奈川県秦野市曽屋４００,,,0463-84-8325,0463-83-5954
T1031,H004,5,1,ｽﾀﾝﾚｰ秦野 部品製造2,スタンレー電気㈱　秦野四輪工場,部品製造2課　部品製造2係,,257,8555,神奈川県秦野市曽屋４００,,,0463-84-8610,0463-84-7554
T1031,H073,5,1,ｽﾀﾝﾚｰ秦野 表面処理,スタンレー電気株式会社　秦野四輪工場,部品製造一課　表面処理係,,257,8555,神奈川県秦野市曽屋４００,,,0463-80-1621,0463-84-7554
T1031,H110,5,1,ｽﾀﾝﾚｰ秦野 生産２課,スタンレー電気株式会社　秦野四輪工場,生産２課,,257,8555,神奈川県秦野市曽屋４００,,,0463-80-1527,0463-83-5954
T3020,,4,1,トータス技実,株式会社　トータス技実,,,259,1306,神奈川県秦野市戸川４５－１,,,0463-74-1070,0463-75-4485
T3380,H200,5,1,市光工業　厚木,市光工業株式会社　厚木製造所,,,243,214,神奈川県厚木市下古沢８５７,,,0462-90-4727,
T3060,,4,1,日産,㈱日産クリエイティブサービス,厚木環境エンジニアリング課,,243,136,神奈川県厚木市岡津古久５６０－２,日産テクニカルセンター内,,046-247-8403,046-247-3387
T3060,H029,5,1,日産テクニカル,日産自動車株式会社,テクニカルセンター　ZXG,,243,136,神奈川県厚木市岡津古久５６０－２,,,046-270-1662,046-270-1245
T3060,H030,5,1,日産トレーディング,日産トレーディングセンター,海老名ＭＯＲセンター,,243,425,神奈川県海老名市中野４５－１,,,046-238-8565,
T3680,,4,1,玉川,玉川電器株式会社,,,240,5,神奈川県横浜市保土ヶ谷区神戸町１３４,,,045-339-5921,045-335-3498
T0340,,4,1,カネコ真空,有限会社カネコ真空,,,224,23,神奈川県横浜市都筑区東山田４－３９－１６,,,045-591-1752,045-592-4110
T0360,H052,5,1,カネコ,有限会社　カネコ真空,,,224,23,神奈川県横浜市都筑区東山田４－３９－１６,,,045-591-1752,045-592-4110
T1031,H182,5,1,カネコ真空,有限会社カネコ真空,,,224,23,神奈川県横浜市都筑区東山田４－３９－１６,,,045-591-1752,
T3610,,4,1,ｼﾊﾞｯｸｽ・ﾃﾞｽﾓ,株式会社　シバックス・デスモ,,,224,57,神奈川県横浜市都筑区川和町２５５－３,,,045-522-1414,045-934-2429
T3270,,4,1,エスイーワークス,株式会社　エス・イー・ワークス,,,224,53,神奈川県横浜市都築区池辺町４０２８番地,,,045-934-6520,045-934-5469
T0060,TAD11,5,1,㈱日陸　横浜物流,株式会社　日陸　横浜物流センター,SEA NACCS:2BWC6,,230,53,神奈川県横浜市鶴見区大黒町９－２,,,045-508-1551,
T2880,GZS06,5,1,築港横浜　第２,株式会社　築港　横浜化学品センター,第２倉庫,,230,53,神奈川県横浜市鶴見区大黒町９－１５,,,045-510-4590,045-508-3362
T2880,HAS04,5,1,築港横浜　第２,株式会社　築港　横浜化学品センター,第２倉庫,,230,53,神奈川県横浜市鶴見区大黒町９－１５,,,045-510-4590,045-508-3362
T2880,INN13,5,1,築港横浜　第２,株式会社　築港　横浜化学品センター,第２倉庫,,230,53,神奈川県横浜市鶴見区大黒町９－１５,,,045-510-4590,045-508-3362
T2880,INS05,5,1,築港横浜　第２,株式会社　築港　横浜化学品センター,第２倉庫,,230,53,神奈川県横浜市鶴見区大黒町９－１５,,,045-510-4590,045-508-3362
T2880,JUS04,5,1,築港横浜　第２,株式会社　築港　横浜化学品センター,第２倉庫,,230,53,神奈川県横浜市鶴見区大黒町９－１５,,,045-510-4590,045-508-3362
T2880,MAI04,5,1,築港横浜　第２,株式会社　築港　横浜化学品センター,第２倉庫,,230,53,神奈川県横浜市鶴見区大黒町９－１５,,,045-510-4590,045-508-3362
T2880,TES05,5,1,築港横浜　第２,株式会社　築港　横浜化学品センター,第２倉庫,,230,53,神奈川県横浜市鶴見区大黒町９－１５,,,045-510-4590,045-508-3362
T2880,USF03,5,1,築港横浜　第２,株式会社　築港　横浜化学品センター,第２倉庫,,230,53,神奈川県横浜市鶴見区大黒町９－１５,,,045-510-4590,
T2880,VES05,5,1,築港横浜　第２,株式会社　築港　横浜化学品センター,第２倉庫,,230,53,神奈川県横浜市鶴見区大黒町９－１５,,,045-510-4590,045-508-3362
T2880,WUS02,5,1,築港横浜　第２,株式会社　築港　横浜化学品センター,第２倉庫,,230,53,神奈川県横浜市鶴見区大黒町９－１５,,,045-510-4590,
T3740,THT01,5,1,築港横浜　第２,株式会社　築港　横浜化学品センター,第２倉庫,,230,53,神奈川県横浜市鶴見区大黒町９－１５,,,045-510-4590,
T1100,TAD01,5,1,鶴見倉庫,鶴見倉庫株式会社　大黒町倉庫,,,230,53,神奈川県横浜市鶴見区大黒町8-1,,,045-521-0021,
T2880,GZS02,5,1,築港横浜,株式会社　築港　横浜化学品センター,,,230,53,神奈川県横浜市鶴見区大黒町5-81,,,045-502-1867,
T2880,HAS02,5,1,築港横浜,株式会社　築港　横浜化学品センター,,,230,53,神奈川県横浜市鶴見区大黒町5-81,,,045-502-1867,
T2880,INB01,5,1,築港横浜,株式会社　築港,横浜化学品センター,,230,53,神奈川県横浜市鶴見区大黒町5-81,,,045-502-1867,
T2880,INI01,5,1,築港横浜,株式会社　築港　横浜化学品センター,,,230,53,神奈川県横浜市鶴見区大黒町5-81,,,045-502-1867,
T2880,INS02,5,1,築港横浜,株式会社　築港　横浜化学品センター,,,230,53,神奈川県横浜市鶴見区大黒町5-81,,,045-502-1867,
T2880,JUS01,5,1,築港横浜,株式会社　築港　横浜化学品センター,,,230,53,神奈川県横浜市鶴見区大黒町5-81,,,045-502-1867,
T2880,MAE02,5,1,築港横浜,株式会社　築港　横浜化学品センター,,,230,53,神奈川県横浜市鶴見区大黒町5-81,,,045-502-1867,
T2880,MAI01,5,1,㈱築港　横浜,㈱築港　横浜化学品センター,,,230,53,神奈川県横浜市鶴見区大黒町5-81,,,045-502-1867,
T2880,TES02,5,1,築港横浜,株式会社　築港　横浜化学品センター,,,230,53,神奈川県横浜市鶴見区大黒町5-81,,,045-502-1867,
T2880,VES02,5,1,築港横浜,株式会社　築港　横浜化学品センター,,,230,53,神奈川県横浜市鶴見区大黒町5-81,,,045-502-1867,
T2880,INN11,5,1,築港横浜,株式会社　築港　横浜化学品ｾﾝﾀｰ,,,230,53,神奈川県横浜市鶴見区大黒町 5-81,,,045-502-1867,045-503-3160
T3090,CHD03,5,1,サンリツ,株式会社サンリツ,,,230,54,神奈川県横浜市鶴見区大黒ふ頭22Y-CC物流棟,111NACOS CORD2H136,,045-510-2135,
T1031,H191,5,1,満寿矢特殊硝子,有限会社　満寿矢特殊硝子,,,230,11,神奈川県横浜市鶴見区上末吉３－２－１８,,,045-581-4761,
T0600,,4,1,横浜真空本社工場,株式会社　横浜真空　本社工場,,,230,71,神奈川県横浜市鶴見区駒岡１－２８－４３,,,045-580-1170,045-581-5566
T0060,H031,5,1,三栄産業㈱,三栄産業株式会社,,,222,1,神奈川県横浜市港北区樽町４－１８－３０,,,045-531-8793,045-531-8793
T0370,,4,1,三栄産業,三栄産業株式会社,,,222,1,神奈川県横浜市港北区樽町４－１８－３０,,,045-531-8793,045-531-8886
T1031,H135,5,1,駿河産業,有限会社　駿河産業,,,223,56,神奈川県横浜市港北区新吉田町6088,,,045-593-5461,
T3840,,4,1,ｵｳﾙ･ｸﾗﾌﾄ,株式会社　オウル・クラフト,,,223,57,神奈川県横浜市港北区新羽町３３６－１,,,045-540-2960,045-532-1207
T1191,,4,1,芝川製作所,株式会社　芝川製作所　第一事業所,,,223,52,神奈川県横浜市港北区綱島東６－２－２７,,,045-542-2058,045-542-2065
T1190,,4,1,横浜機工,横浜機工株式会社,,,236,8647,神奈川県横浜市金沢区福浦２－１１－１,,,045-787-7376,045-781-2709
T3710,VEN01,5,1,舟津産業,舟津産業株式会社,,,236,3,神奈川県横浜市金沢区幸浦２－９－１２,,,045-785-0411,045-785-0451
T3380,,4,1,市光工業伊勢原,市光工業株式会社,伊勢原製造所,,259,1192,神奈川県伊勢原市板戸８０番地,,,0463-96-1451,
T2920,,4,1,市光生産技術,市光工業株式会社　生産技術開発部,,,259,1145,神奈川県伊勢原市板戸８０,,,0463-96-1461,0463-96-2084
T3240,,4,1,グリーンピース,株式会社　グリーンピース,,,252,1125,神奈川県綾瀬市吉岡東１－１４－５,,,0467-78-7446,0467-76-6098
T3240,H064,5,1,日南,株式会社　日南,,,252,1125,神奈川県綾瀬市吉岡東１－１４－１３,,,0467-78-8891,
T3170,CHK01,5,1,㈱築港ﾎﾟｰﾄｱｲﾗﾝﾄﾞ,㈱築港　ポートアイランド化学品センター,,,650,45,神戸市中央区港島8-7,,,078-306-2370,
T3140,,4,1,新潟テクノ,株式会社　新潟テクノ,,,945,114,新潟県柏崎市藤井1408番地1,,,0257-20-0305,0257-20-0306
T3830,H202,5,1,ﾌｸﾀﾞｺｰﾎﾟﾚｰｼｮﾝ,株式会社　フクダコーポレーション,,,940,2045,新潟県長岡市西陵町２６７４－１８,（雲出工業団地）,,0258-46-6901,0258-46-6902
T3050,,4,2,新潟三桂,新潟三桂株式会社,,,959,3937,新潟県村上市板屋沢１４０－６,,,0254-77-3145,0254-77-2284
T0070,H092,5,2,アーク　富士吉田,株式会社アーク　富士吉田工場　資材部,,,403,2,山梨県富士吉田市小明見４２５２,,,0555-24-1811,
T0070,H183,5,2,ｱｰｸ　富士吉田,株式会社　アーク　富士吉田工場,,,403,18,山梨県富士吉田市向原２－１２－８,,,0555-24-1811,
T0560,,4,1,ビューテック,株式会社　ビューテック,,,400,851,山梨県甲府市住吉４－９－８,,,0552-35-4350,0552-32-8683
T3110,H031,5,1,日研産業メッキ部,日研産業株式会社　メッキ部,,,400,851,山梨県甲府市住吉４－９－８,,,055-235-4350,055-232-8683
T3110,,4,1,日研,日研産業株式会社,,,400,113,山梨県甲斐市富竹新田２０２５－３,,,055-276-7565,055-279-2809
T3410,H099,5,1,オーデリック,オーデリック株式会社　山形工場,塗装係,,999,3701,山形県東根市東根甲５５４４,,,0237-38-6213,
T3010,H102,5,1,津田　本社,津田工業株式会社　本社工場,,,355,812,埼玉県比企郡滑川町都２５－３５,,,0493-56-4181,0493-56-3994
T3820,,4,1,津田工業　本社機構,津田工業株式会社　本社機構,,,355,812,埼玉県比企郡滑川町大字都２５－３５,,,0493-56-4181,0493-56-3994
T2810,,4,1,フィアロスペース,株式会社　フィアロスペース,,,350,1224,埼玉県日高市田木４３６番地,,,0429-89-2161,0429-85-5380
T0070,H140,5,1,神村メッキ　埼玉,神村真空メッキ工業株式会社　埼玉工場,,,350,1265,埼玉県日高市原宿７７０,,,0429-78-6484,
T3010,,4,1,津田,津田工業株式会社　東松山工場,,,355,71,埼玉県東松山市新郷８８－２４,,,0493-21-7040,0493-25-0043
T3820,H204,5,1,津田　東松山,津田工業株式会社　東松山工場,,,355,71,埼玉県東松山市新郷８８－２４,東松山工業団地内,,0493-21-7040,0493-25-0043
T3650,,4,1,板通,株式会社　板通　埼玉支店,,,355,6,埼玉県東松山市市ノ川４８４－１,,,0493-22-5888,0493-22-6400
T0083,H142,5,1,スリードリーム,株式会社　スリードリーム,,,350,2203,埼玉県鶴ヶ島市大字上広谷４２７－１,,,049-299-6681,049-299-6682
T3830,,4,1,スリードリーム,株式会社　スリードリーム,,,350,2203,埼玉県鶴ヶ島市大字上広谷４２７－１,,,049-299-6681,049-299-6682
T3760,,4,2,秩父ｲﾜｻｷ,株式会社　秩父イワサキ,,,369,1311,埼玉県秩父市長瀞町岩田７７０,,,0494-66-1578,0494-66-1744
T3570,,4,1,トウプラス,株式会社　トウ・プラス,,,368,56,埼玉県秩父市寺尾３６４９,,,0494-24-0505,0494-75-0704
T3670,,4,1,ATE,ＡＴＥジャパン株式会社,,,332,12,埼玉県川口市本町２－６－２５－１０２,,,048-446-7222,048-446-7222
T0250,H180,5,1,東京ﾘｯﾁ産業㈱第2工場,東京リッチ産業株式会社,第2工場,,334,62,埼玉県川口市榛松１８５２－１,,,048-281-8122,
T0250,,4,1,東京リッチ,東京リッチ産業株式会社,,,334,61,埼玉県川口市新堀１３２－１１,,,0482-85-6000,0482-85-4449
T1039,H194,5,1,東京リッチ産業㈱,東京リッチ産業株式会社,,,334,61,埼玉県川口市新堀１３２－１１,,,0482-85-6000,0482-85-4449
T0750,,4,1,ダイコウー,株式会社　ダイコウー,,,334,74,埼玉県川口市江戸１－１６－４３,,,0482-85-6686,0482-85-6172
T3630,,4,1,島田工業所　川口,有限会社　島田工業所　川口工場,,,334,74,埼玉県川口市江戸１－１６－４３,,,048-285-6686,048-285-6172
T3320,,4,1,東立工芸,株式会社　東立工芸,,,333,811,埼玉県川口市戸塚６－２１－２２,,,048-295-5289,048-295-5307
T3810,,4,1,シモダ,株式会社　シモダ,,,352,11,埼玉県新座市野火止８－１－３４,,,048-479-4011,048-479-4747
T0520,,4,1,ダイシン,有限会社　ダイシン,,,362,66,埼玉県上尾市領家１２,,,048-726-0111,048-725-7140
T2300,,4,1,サンメ,株式会社　サンメタリック,,,344,57,埼玉県春日部市南栄町１２－１１,,,048-755-5891,048-755-5930
T3490,,4,1,東洋加工,東洋加工株式会社　美里工場,,,367,115,埼玉県児玉郡美里町猪俣１９６４,,,0495-76-3811,
T0015,H094,5,1,白電,白電工熱株式会社,,,341,37,埼玉県三郷市高洲２－８－２,（株式会社富士商事様扱い）,,0489-55-2854,0489-56-2764
T3450,,4,1,野口工芸,有限会社　野口工芸,,,341,44,埼玉県三郷市戸ヶ崎３－７５２－３,,,0489-55-4832,0489-55-7456
T3150,,4,1,アドバンス,株式会社　アドバンス,,,350,214,埼玉県坂戸市千代田５－１－４,,,049-288-2213,049-288-2214
T3010,H117,5,1,津田　川里,津田工業株式会社　川里工場,,,365,1,埼玉県鴻巣市赤城台362-28(川里工業団地),,,048-569-2311,048-569-2315
T3820,H201,5,1,津田　川里,津田工業株式会社　川里工場,,,365,1,埼玉県鴻巣市赤城台362-28,川里工業団地内,,048-569-2311,048-569-2315
T3370,,4,1,アイ・ライティング,株式会社　アイ・ライティング・システム,,,365,1,埼玉県鴻巣市赤城台２１２－１０,,,048-569-2556,048-569-2550
T0600,H107,5,1,岩崎電気,岩崎電気株式会社　技術研究所,,,361,21,埼玉県行田市富士見町１－２０,,,048-553-3141,
T3480,,4,1,岩崎電気,岩崎電気株式会社　産業光源課,,,361,8505,埼玉県行田市壱里山町1-1,,,048-554-1105,048-554-4227
T2960,H044,5,1,フィアロコーポ,株式会社　フィアロコーポレーション,,,350,1321,埼玉県狭山市上広瀬東中原８０１－１,,,042-953-2811,042-953-2819
T3810,H198,5,1,伊丹塗料　所沢,伊丹塗料株式会社,所沢営業所,,350,1328,埼玉県狭山市広瀬台２－７－１９,,,042-900-1133,042-900-3388
T2960,,4,1,フィアロコーポ狭山,株式会社　ﾌｨｱﾛｺｰﾎﾟﾚｰｼｮﾝ　狭山工場,,,350,1328,埼玉県狭山市広瀬台２－１２－３７,,,04-2953-2811,04-2953-2819
T0570,,4,1,不二真空,有限会社　不二真空工業,,,339,27,埼玉県岩槻市大字尾ヶ崎２１１３,,,0487-98-3748,0487-98-3748
T3010,H103,5,1,津田　騎西,津田工業株式会社　騎西工場,,,347,111,埼玉県加須市鴻茎３２０４－３,,,0480-70-1241,0480-73-0991
T0330,H049,5,1,ＤＢＣ,ＤＢＣ株式会社,,,343,23,埼玉県越谷市東越谷６－１２２－１,,,048-940-0155,048-940-0166
T3190,,4,1,ＤＢＣ,ＤＢＣ株式会社,,,343,23,埼玉県越谷市東越谷６－１２２－１,,,048-940-0155,048-940-0166
T0510,,4,1,草加真空,草加真空工芸有限会社,,,343,802,埼玉県越谷市小曽川字神前５６０－１,,,0489-74-8038,0489-74-8065
T1210,H107,5,3,㈱タキ倉庫　九州,株式会社　タキ倉庫　九州営業所,,,842,101,佐賀県神埼郡吉野ヶ里町松隈301-1,,,0952-55-1800,
T1210,H115,5,3,日陸　九州,株式会社　日陸,九州物流センター,,842,103,佐賀県神崎郡吉野ヶ里町大曲4550-7,,,0952-51-1045,
T3780,H199,5,2,小糸九州,小糸九州株式会社,,,849,902,佐賀県佐賀市久保泉町大字上和泉,１５８０番６,,0952-71-8575,0952-71-8376
T0060,H084,5,2,美光九州,美光九州株式会社,,,849,902,佐賀県佐賀市久保泉町上和泉１８４８－１,,,0952-98-0850,0952-98-0840
T0015,H042,5,1,飯田塗料,有限会社　飯田塗料,,,135,2,江東区住吉1-14-6,,,03-3631-0373,03-3631-3481
T3750,H193,5,2,柿原工業,柿原工業株式会社,第４工場　新プロセス開発室,,721,956,広島県福山市箕沖町９９－１３,,,084-953-8100,
T0081,H076,5,2,福山合成,福山合成株式会社,,,270,1147,広島県福山市駅家町向永谷１１２５番地,,,084-976-7750,
T1032,H085,5,2,福山合成,福山合成株式会社,,,720,1147,広島県福山市駅家町向永谷１１２５番地,,,0849-76-7750,0849-76-7760
T2200,,4,2,福山,福山合成株式会社,,,720,1147,広島県福山市駅家町向永谷１１２５,,,048-755-5891,0849-76-7760
T0081,,4,2,オーウェル尾道　福山,オーウェル㈱尾道・福山営業所,,,729,141,広島県尾道市高須町１２３１－１,,,0848-46-1131,0848-46-1132
T1032,H062,5,2,広島急送ストア,スタンレー電気株式会社 広島工場,広島急送ストア,,739,145,広島県東広島市八本松町宗吉３６５,,,082-497-3370,
T1032,H014,5,3,福山合成㈱東広島工場,福山合成株式会社　東広島工場,,,739,267,広島県東広島市志和町大字別府８２７,,,0824-33-3806,
T1032,,4,2,スタンレー広島,スタンレー電気株式会社　広島工場,,,739,266,広島県東広島市志和町奥屋１８６６,,,0824-33-2711,0824-33-2079
T1032,H101,5,2,新谷製作所,新谷製作所株式会社,,,739,266,広島県東広島市志和町奥屋１３７２,,,082-433-3353,
T2200,H014,5,3,福山東広島工場,福山合成株式会社　東広島工場,,,739,267,広島県東広島市志和町,大字別府827,,0824-33-3806,
T0082,,4,2,オーウェル　広島,オーウェル㈱　広島営業所,,,730,29,広島県広島市中区三川町７－７,三川町パーキングビル１１階,,082-243-6611,082-243-6614
T0100,H146,5,1,奈良原,株式会社　奈良原産業,,,370,614,群馬県邑楽郡邑楽町大字赤塚４１２７－２,鞍掛第三工業団地内,,0276-80-9170,0276-80-9150
T3690,H177,5,1,オーラ産業,オーラ産業株式会社,,,370,612,群馬県邑楽郡邑楽町新中野１３０－９,,,0276-70-9125,
T0060,H160,5,1,メサック,株式会社　メサック,,,374,123,群馬県邑楽郡板倉町大字飯野１３９,,,0276-82-2206,0276-82-2282
T0100,H152,5,1,新正加工,有限会社　新正加工,,,370,3607,群馬県北群馬郡吉岡町小倉６９５－７１,,,0279-54-3522,0279-54-3559
T0410,,4,1,新正加工,有限会社　新正加工,,,370,3607,群馬県北群馬郡吉岡町小倉６９５－７１,,,0279-54-3522,0279-54-3559
T3530,,4,1,大塚プラスチック,株式会社　大塚プラスチック工業,,,370,2324,群馬県富岡市南後箇1804,,,0274-89-1050,0274-62-6060
T2920,H080,5,2,市光藤岡,市光工業株式会社 藤岡製造所,,,375,43,群馬県藤岡市東平井１４６７,,,0274-23-2211,
T3381,,4,2,市光藤岡,市光工業株式会社　藤岡製造所,,,375,8507,群馬県藤岡市東平井１４６７,４Ｎ納場,,0274-23-2215,
T0083,,4,1,オーウェル　群馬,オーウェル株式会社　群馬営業所,,,373,847,群馬県太田市西新町１２－２５,,,0276-32-1219,0276-32-2691
T0530,,4,1,太閣産業,株式会社　太閣産業,,,371,856,群馬県前橋市総社町高井１１４－１,,,0272-52-6733,0272-52-5979
T3660,,4,1,シェリー,株式会社　シェリー,,,377,5,群馬県渋川市有馬１７９１－３,,,0279-23-1551,0279-23-1244
T3690,H176,5,1,川添工業,川添工業株式会社,,,370,311,群馬県渋川市村上３０５－１,,,0279-59-2781,
T3700,,4,1,川添工業,川添工業　株式会社,,,377,311,群馬県渋川市村上３０５－１,,,0279-59-2781,0279-59-2761
T0100,H036,5,1,青木製作所,有限会社　青木製作所,,,377,7,群馬県渋川市石原１５５８－１,,,0279-23-8960,0279-25-2947
T0330,,4,1,青木製作所,有限会社青木製作所,,,377,7,群馬県渋川市石原１５５８－１,,,0279-23-8960,0279-25-2947
T3660,H171,5,1,シェリー,株式会社　シェリー,,,377,7,群馬県渋川市石原１５５８－１,,,0279-26-3883,0279-26-3883
T3090,H078,5,1,井沢工業,井沢工業株式会社,,,370,1125,群馬県佐波郡玉村町八幡原２０４８,,,0270-65-8560,
T3550,,4,1,井沢工業,井沢工業株式会社,,,370,1125,群馬県佐波郡玉村町八幡原2048,,,0270-65-8560,0270-65-8254
T3620,,4,1,サナック,株式会社　サナック,,,370,1116,群馬県佐波郡玉村町大字飯倉１－１,,,0270-65-1106,0270-65-9991
T0580,,4,1,ヘイワテクノ,ヘイワテクノ株式会社,,,370,1201,群馬県高崎市倉賀野２６６０,,,027-346-3551,027-347-4434
T3220,H154,5,1,ディアンドディ,ディアンドディ株式会社,,,370,27,群馬県高崎市上滝町２７３－１,,,027-360-5360,
T3590,,4,1,エイアイエム　群馬,株式会社　エイアイエム　群馬工場,,,370,27,群馬県高崎市上滝町２７３－１,,,027-360-5360,027-352-0016
T3090,CHD04,5,1,ボルテックス,株式会社　ボルテックスセイグン,本社物流ｾﾝﾀｰ,,379,133,群馬県安中市原市88番地,,,027-382-3781,
T1034,,4,2,スタンレー熊本,スタンレー電気株式会社　熊本工場,,,896,1503,熊本県阿蘇郡白水村大字吉田２１１１,,,0967-62-9311,0967-62-9712
T1034,H020,5,2,白水ＤＨＣ,株式会社　白水ＤＨＣ,,,869,1503,熊本県阿蘇郡南阿蘇村吉田２１１１,,,09676-2-2848,09676-2-2848
T3680,H174,5,1,玉川電器㈱宮城,玉川電器株式会社　宮城工場,,,981,4316,宮城県加美郡加美町月崎字鳥屋ヶ森１－６,,,0229-67-3750,0229-67-3830
T3200,H059,5,1,三和　美濃工場,株式会社　三和スクリーン銘板 美濃工場,,,501,3772,岐阜県美濃市楓台７２－１１,（美濃テクノパーク内）,,0575-31-0333,
T3160,H060,5,2,ＹＫＰ,ＹＫＰ工業株式会社,,,509,9131,岐阜県中津川市千旦林字星ヶ見６５１－１５,,,0573-78-0171,0573-78-0161
T0080,H095,5,2,稲垣産業,有限会社　稲垣産業,,,507,48,岐阜県多治見市池田町８－２０,,,0572-22-5839,
T3470,,4,2,稲垣産業,有限会社　稲垣産業,,,507,48,岐阜県多治見市池田町８－２０,,,0572-22-5839,0572-22-5818
T3470,H162,5,1,明和工業,明和工業株式会社,,,507,901,岐阜県多治見市笠原町９９３,,,0572-43-5183,0572-44-2588
T0070,H008,5,2,セイコー電化,株式会社　セイコー電化工業所,,,501,2257,岐阜県山県市富永５３,,,0581-52-1052,
T3160,H055,5,2,東海化成,株式会社　東海化成工業所,,,501,2101,岐阜県山県市大桑３１０－１,,,0581-22-3302,0581-22-1288
T0070,H013,5,2,アサヒ電子,アサヒ電子　株式会社,,,501,1106,岐阜県岐阜市石谷１１７７番地,,,058-238-8027,
T0070,H206,5,2,アサヒ精工,アサヒ精工株式会社,,,501,1106,岐阜県岐阜市石谷１１７７,,,058-238-8027,058-238-8028
T0070,H010,5,2,協和理化,協和理化学工業株式会社,,,502,5,岐阜県岐阜市岩崎６４６,,,058-237-3711,058-237-3712
T3510,H130,5,2,協和理化学工業,協和理化学工業,,,502,5,岐阜県岐阜市岩崎６４６,,,058-237-3711,058-237-3712
T0070,H112,5,2,丸紅,株式会社　丸紅塗料店,,,504,38,岐阜県各務原市那加大門町２－４３,,,058-383-2511,058-383-2299
T3210,,4,2,中島商会,株式会社　中島商会,,,701,143,岡山県岡山市白石４４１－２,,,086-242-3115,086-243-8241
T2850,KOS03,5,1,東京国際埠頭,東京国際埠頭,,,,,横浜市本牧,,,,
T0070,H149,5,1,コートテック,株式会社コートテック　中川事務所,,,224,15,横浜市都筑区牛久保西２－１－３３,ミナモビル201,,045-914-5211,
T0060,TAD03,5,1,鶴見倉庫,鶴見倉庫㈱　大黒町倉庫　山崎様（鈴与）,,,230,53,横浜市鶴見区大黒町８－１,,,045-521-0021,
T1100,CHN01,5,1,鶴見倉庫(株)大黒町,鶴見倉庫株式会社　大黒町倉庫,,,230,53,横浜市鶴見区大黒町８－１,,,045-521-0021,
T1100,TAD05,5,1,鶴見倉庫,鶴見倉庫株式会社　大黒町倉庫　田部様,,,,,横浜市鶴見区大黒町８－１,,,045-521-0021,
T1210,SHK02,5,1,鈴与鶴見,鈴与㈱鶴見倉庫,川村様,,230,53,横浜市鶴見区大黒町８－１,,,054-521-0021,
T3300,CHD05,5,1,鶴見倉庫,鶴見倉庫株式会社,両備運輸扱い,,230,53,横浜市鶴見区大黒町8-1,,,045-521-0021,
T2880,HAS01,5,1,築港（築港大黒倉庫）,株式会社　築港　（築港大黒倉庫）,,,230,53,横浜市鶴見区大黒町5-81,,,045-502-1867,
T3300,CHD01,5,1,サンリツ,株式会社　サンリツ,,,230,54,横浜市鶴見区大黒ふ頭22Y-CC物流棟,111NACCS CORD2H136,,045-510-2135,
T2850,KOS04,5,1,Ｂ２,Ｂ２（日通扱い）,,,,,横浜市中区本牧埠頭３番地,,,,
T2850,ALS02,5,1,宇徳運輸㈱,宇徳運輸株式会社,,,231,811,横浜市中区本牧ふ頭1-16　本牧公社,D-5　CFS　DHA,,045-623-1241,045-623-1259
T2850,,4,1,セニー,セニートレーディング有限会社,,,231,23,横浜市中区山下町１２－２－１００６号,,,045-680-5650,045-680-5666
T2850,KOS07,5,1,舟津産業㈱,舟津産業㈱,,,236,3,横浜市金沢区幸浦2-9-12,,,045-785-0411,
T2850,ALS03,5,1,玉家運輸倉庫,玉屋運輸倉庫株式会社,,,236,3,横浜市金沢区幸浦2-8-16,,,045-785-0314,
T2850,CHS01,5,1,玉家運輸倉庫,玉家運輸倉庫株式会社,,,236,3,横浜市金沢区幸浦２-８-１６,,,045-785-0314,
T2850,KOK01,5,1,玉家運輸倉庫(株),玉家運輸倉庫(株),,,236,3,横浜市金沢区幸浦2-8-16,,,045-785-0314,
T2850,KOS05,5,1,玉家運輸倉庫,玉家運輸倉庫株式会社,,,236,3,横浜市金沢区幸浦２－８－１６,,,045-785-0314,045-785-5540
T2850,ALS01,5,1,内外トランス,内外トランスケミカル株式会社　近藤様,,,236,3,横浜市金沢区幸浦２－８－１３,,,045-785-0221,
T2850,KOS01,5,1,川岸金沢,株式会社　川岸　金沢倉庫部　長谷川様,,,236,3,横浜市金沢区幸浦２－１８－３,,,045-785-0014,045-785-8852
T3250,,4,1,ニコン,株式会社　ニコン,,,244,8533,横浜市栄区長尾台４７１,,,045-853-8581,
T0020,,4,1,旭真空,旭真空株式会社,,,311,1537,茨城県鉾田市紅葉６９３,,,0291-36-2121,0291-36-2122
T0050,H131,5,1,旭,旭真空株式会社,,,311,1537,茨城県鉾田市紅葉６９３,,,0291-36-2121,0291-36-2122
T0470,H041,5,1,旭真空,旭　真空株式会社,,,311,1537,茨城県鉾田市紅葉６９３,,,0291-36-2121,0291-36-2122
T0470,H086,5,1,旭真空,旭真空株式会社,,,311,1537,茨城県鉾田市紅葉６９３,,,0291-36-2121,0291-36-2122
T0020,H181,5,1,川口,川口真空株式会社,,,300,2724,茨城県常総市古間木１７５３－５,,,0297-42-6611,0297-42-6514
T0060,H158,5,1,川口真空,川口真空株式会社,,,300,61,茨城県常総市古間木１７５３－５,,,0297-42-6611,0297-42-6514
T0130,,4,1,川口真空,川口真空株式会社,,,300,2724,茨城県常総市古間木１７５３－５,,,0297-42-6611,0297-42-6514
T0060,H143,5,1,美野里真空,美野里真空株式会社,,,319,107,茨城県小美玉市小岩戸１１７２,,,0299-48-1388,0299-48-0889
T0100,H014,5,1,美野里真空,美野里真空株式会社,,,319,107,茨城県小美玉市小岩戸１１７２,,,0299-48-1388,0299-48-0889
T0100,H034,5,1,美野里真空,美野里真空株式会社,,,319,107,茨城県小美玉市小岩戸１１７２,,,0299-48-1388,
T0320,,4,1,美野里真空,美野里真空株式会社,,,319,107,茨城県小美玉市小岩戸１１７２,,,0299-48-1388,0299-48-0889
T0470,H108,5,1,美野里真空,美野里真空株式会社,,,319,107,茨城県小美玉市小岩戸１１７２,,,0299-48-1388,0299-48-0889
T0020,H093,5,2,ノグチ真空,ノグチ真空株式会社,,,311,2215,茨城県鹿嶋市和３６８,,,0299-69-5002,0299-69-5249
T0470,,4,2,ノグチ真空,ノグチ真空株式会社,,,311,2215,茨城県鹿嶋市和３６８,,,0299-69-5002,0299-69-5249
T0550,,4,1,ビナック,株式会社　ビナック,,,306,641,茨城県坂東市鵠戸１２２８,,,0297-35-0205,0297-35-0200
T3690,,4,2,大友製作所,株式会社　大友製作所,,,318,23,茨城県高萩市島名１６４５番地,,,0293-23-3511,0293-23-5583
T0020,H165,5,1,㈱大友製作所　高萩工,株式会社　大友製作所　高萩工場,,,318,23,茨城県高萩市島名１６４５,,,0293-23-3511,0293-23-5583
T3400,,4,2,表面化工,株式会社表面化工研究所,,,309,1715,茨城県笠間市湯崎８４５－５,,,0296-77-0669,0296-77-8938
T1210,GZK03,5,1,安達包運倉庫,安達包運倉庫株式会社,,,498,68,愛知県弥富市鍋田町六野８２-１,,,0567-68-6711,0567-68-6712
T1210,INA02,5,1,安達包運倉庫,安達包運倉庫株式会社,,,498,68,愛知県弥富市鍋田町六野82-1,,,0567-68-6711,0567-68-6712
T1210,INK02,5,1,安達包運倉庫㈱,安達包運倉庫株式会社,,,498,68,愛知県弥富市鍋田町六野82-1,,,0567-68-6711,0567-68-6712
T1210,INM03,5,1,安達包運倉庫,安達包運倉庫株式会社,,,498,68,愛知県弥富市鍋田町六野８２－１,,,0567-68-6711,0567-68-6712
T1210,INN02,5,1,安達包運倉庫,安達包運倉庫株式会社,,,498,68,愛知県弥富市鍋田町六野82-1,,,0567-68-6711,0567-68-6712
T1210,INS11,5,1,安達包運倉庫㈱,安達包運倉庫株式会社,,,498,68,愛知県弥富市鍋田町六野82-1,,,0567-68-6711,0567-68-6712
T1210,KOH02,5,1,安達包運倉庫㈱,安達包運倉庫株式会社,,,489,68,愛知県弥富市鍋田町六野82-1,,,0567-68-6711,0567-68-6712
T1210,SAH03,5,1,安達包運倉庫㈱,安達包運倉庫株式会社,,,498,68,愛知県弥富市鍋田町六野82-1,,,0567-68-6711,0567-68-6712
T1210,SIP01,5,1,安達包運倉庫,安達包運倉庫株式会社,,,498,68,愛知県弥富市鍋田町六野82-1,,,0567-68-6711,0567-68-6712
T1210,TAD06,5,1,安達包運倉庫㈱,安達包運倉庫株式会社,,,498,68,愛知県弥富市鍋田町六野82-1,,,0567-68-6711,0567-68-6712
T1210,UKK03,5,1,安達包運倉庫,安達包運倉庫株式会社,,,498,68,愛知県弥富市鍋田町六野82-1,,,0567-68-6711,0567-68-6712
T1210,IDK04,5,1,名港海運㈱弥富,名港海運㈱弥富物流センター,保税蔵置場,,498,68,愛知県弥富市鍋田町八穂121番地1,,,0567-69-2088,
T1210,SHK03,5,1,名港海運㈱弥富,名港海運㈱弥富物流センター,,,498,68,愛知県弥富市鍋田町八穂121-1,,,0567-69-2088,
T1210,THK02,5,1,名港海運㈱弥富,名港海運㈱弥富物流ｾﾝﾀｰ,,,498,68,愛知県弥富市鍋田町八穂121-1,,,0567-69-2088,
T2880,GZS08,5,1,築港　名古屋,株式会社　築港　名古屋化学品センター,,,498,61,愛知県弥富市操出１０－１０－１,,,0567-66-3353,0567-66-3351
T0070,H170,5,1,春日井化成工業　南工,株式会社　春日井化成工業所　南工場,,,457,841,愛知県名古屋市南区豊田３丁目１８番地３０,,,052-694-7331,
T3280,,4,1,箔栄社　第一塗装,株式会社　箔栄社　第一塗装工場,,,454,996,愛知県名古屋市中川区伏屋5-701,,,052-365-8981,
T0080,,4,1,オーウェル,オーウェル株式会社,,,460,26,愛知県名古屋市中区伊勢山１－４－１,,,052-331-4481,052-331-4485
T0070,,4,1,鵜飼塗料商事,鵜飼塗料商事株式会社,,,452,812,愛知県名古屋市西区玉池町１－４,,,052-503-6798,052-503-3413
T3510,PKO03,5,1,名港海運㈱空見梱包,名港海運株式会社　空見梱包センター,,,455,847,愛知県名古屋市港区空見町１１番地,,,052-398-1495,025-398-1490
T1037,H027,5,1,山田塗装,有限会社　山田塗装,,,470,1101,愛知県豊明市沓掛町山新田１０－９,,,0562-92-5757,
T0070,H185,5,2,北川,北川塗料株式会社,,,473,907,愛知県豊田市竜神町東名４７,,,0565-29-8235,
T0070,H012,5,2,杉浦木型,株式会社　杉浦木型製作所,,,473,933,愛知県豊田市高岡町東浦４５番地,,,0565-51-1001,
T3180,H046,5,1,アサヒプロダクト,アサヒプロダクト株式会社,,,441,1113,愛知県豊橋市東森岡１丁目１０－１３－５,,,0532-87-1345,0532-87-1346
T0070,H088,5,1,守田屋塗料,守田屋塗料株式会社　三遠営業所,,,441,8123,愛知県豊橋市若松町若松３５７－６,,,0532-44-8888,
T3180,,4,1,ＤＩＭ,ダイヤインジェクション,モールディング株式会社,,440,8601,愛知県豊橋市牛川通４丁目１番地２,,,0532-64-2206,0532-63-7829
T0070,H032,5,2,玉善,株式会社　玉善,,,448,46,愛知県尾張旭市南栄町旭ヶ丘８４,,,0561-53-3335,
T0070,H090,5,1,アーク名古屋,株式会社　アーク　名古屋支店,,,470,111,愛知県日進市米野木町南山５００－３０,,,0561-72-5550,
T3160,H065,5,1,木島工作所,株式会社　木島工作所,,,480,134,愛知県丹羽郡大口町豊田,3丁目201番地,,0587-95-3960,0587-95-1351
T1037,H028,5,1,ＴＥＮＰＡＫＵ．Ｒ,株式会社　ＴＥＮＰＡＫＵ．Ｒ,,,474,11,愛知県大府市横根町新江１５－２４,,,0562-46-7802,
T0070,H178,5,1,シブヤメッキ,シブヤメッキ,,,444,524,愛知県西尾市吉良町荻原川中４８－２,,,0563-65-2531,
T0070,H009,5,2,神村メッキ　愛知,神村真空メッキ工業株式会社,,,489,52,愛知県瀬戸市安戸町２１番地,,,0561-82-5289,0561-82-7022
T3790,,4,1,LIXIL,株式会社　ＬＩＸＩＬ,,,479,8588,愛知県常滑市港町３－７７,榎戸ビル3F　第1事務所,,0569-43-8022,0569-43-6114
T1210,IDR01,5,1,名鉄観光ｻｰﾋﾞｽ,名鉄観光サービス株式会社,中部空港オペレーションセンター,,479,881,愛知県常滑市セントレア３丁目１６－６,,,0569-35-9711,
T1210,AIR01,5,1,商船三井,シーガルセントレアターミナル,気付：商船三井ロジスティクス㈱,中部国際空港営業所,479,881,愛知県常滑市セントレア3丁目12-2,,,0569-38-8120,
T1210,CZK01,5,1,商船三井,シーガル・セントレア・ターミナル,気付：商船三井ロジスティクス(株),中部国際営業所,479,881,愛知県常滑市セントレア3丁目12-2,,,0569-38-8120,0569-38-1704
T1210,GZK02,5,1,シーガルセントレア,シーガル・セントレア・ターミナル,気付：商船三井ロジスティックス㈱長谷川様,中部国際空港営業所,479,881,愛知県常滑市セントレア3丁目12-2,,,0569-38-8120,
T1210,INA01,5,1,商船三井ロジスティク,シーガル・セントレア・ターミナル,気付：商船三井ロジスティクス㈱,,479,881,愛知県常滑市セントレア3丁目12－2,,,0569-38-8120,
T1210,JSS01,5,1,ｼｰｶﾞﾙ・ｾﾝﾄﾚｱ・ﾀｰﾐﾅﾙ,シーガル・セントレア・ターミナル,気付：商船三井ロジスティクス（株）,中部国際空港営業所,479,881,愛知県常滑市セントレア3丁目12-2,,,0569-38-8120,
T1210,KCZ01,5,1,商船三井ﾛｼﾞｽﾃｨｸｽ,商船三井ロジスティクス(株),中部国際空港営業所　長谷川様,,479,881,愛知県常滑市セントレア3丁目12-2,シーガル・セントレア・ターミナル,,0569-38-8120,0569-38-1704
T1210,SHK04,5,1,商船三井ロジスティク,商船三井ロジスティクス㈱,,,479,881,愛知県常滑市セントレア3丁目12-2,,,0569-38-8120,
T1210,THS02,5,1,商船三井,商船三井ロジスティックス㈱,中部国際空港営業所,,,,愛知県常滑市セントレア３丁目１２－２,シーガル・セントレア・ターミナル,,0569-38-8120,
T1210,THV01,5,1,商船三井ロジスティク,シーガル・セントレア・ターミナル,気付　商船三井ロジスティクス(株),中部国際空港営業所,479,881,愛知県常滑市セントレア3丁目12-2,,,0569-38-8120,
T3510,PKO01,5,1,ｼｰｶﾞﾙ・ｾﾝﾄﾚｱ・ﾀｰﾐﾅﾙ,シーガル・セントレア・ターミナル,気付：商船三井ロジスティクス（株）,中部国際空港営業所,479,881,愛知県常滑市セントレア3丁目12-2,,,0569-38-8120,0569-38-1704
T3510,KOT01,5,1,愛知陸運株式会社,愛知陸運株式会社,中部国際空港営業所,,479,881,愛知県常滑市セントレア3-16-2,,,0569-38-8200,
T1210,IDK06,5,1,日本通運㈱中部空港,日本通運株式会社　中部空港支店,,,479,881,愛知県常滑市セントレア３－１２－４,,,0569-38-2272,
T1210,INK10,5,1,日本通運㈱中部空港,日本通運株式会社　中部空港支店,,,479,881,愛知県常滑市セントレア３－１２－４,,,0569-38-2272,
T1210,THK09,5,1,日本通運㈱中部空港,日本通運株式会社　中部空港支店,,,479,881,愛知県常滑市セントレア３－１２－４,,,0569-38-2272,
T1210,FUD02,5,1,商船三井,商船三井ロジスティクス㈱,中部国際空港営業所　市来様,,,,愛知県常滑市セントレア３－１２－２,シーガル・セントレア・ターミナル,,0569-38-8120,
T1210,IDK01,5,1,商船三井,商船三井ロジスティクス㈱,中部国際空港営業所　長谷川様,,,,愛知県常滑市セントレア３－１２－２,シーガルセントレアターミナル,,0569-38-8120,0569-38-1704
T1210,INK01,5,1,商船三井㈱,商船三井ロジスティクス株式会社,,,479,881,愛知県常滑市セントレア3-12-2,シーガル・セントレア・ターミナル,,0569-38-8120,
T1210,INK04,5,1,セントレア商船三井,商船三井ロジスティクス㈱,中部国際空港営業所,,479,881,愛知県常滑市セントレア3-12-2,シーガル・セントレア・ターミナル,,0569-38-8120,0569-38-1704
T1210,INM01,5,1,商船三井ロジスティッ,商船三井ロジスティックス(株),中部国際空港営業所,,479,881,愛知県常滑市セントレア3-12-2,,,0569-38-8120,0569-38-1704
T1210,INN03,5,1,セントレア商船三井,商船三井ロジスティックス㈱,中部国際空港営業所,,479,881,愛知県常滑市セントレア3-12-2,シーガル・セントレア・ターミナル,,0569-38-8120,0569-38-1704
T1210,INS12,5,1,商船三井,商船三井ロジスティクス株式会社,中部国際空港営業所,,479,881,愛知県常滑市セントレア３－１２－２,シーガル・セントレア・ターミナル,,0569-38-8120,0569-38-1704
T1210,KOH01,5,1,商船三井,商船三井ロジスティクス㈱,中部国際空港営業所　長谷川様,,,,愛知県常滑市セントレア３－１２－２,,,0569-38-8120,
T1210,KOL01,5,1,商船三井,商船三井ロジスティックス㈱,中部国際空港営業所,,479,881,愛知県常滑市セントレア3－12－2,,,0569-38-8120,0569-38-1704
T1210,SAH01,5,1,商船三井,商船三井ロジスティクス㈱,中部国際空港営業所　長谷川様,,,,愛知県常滑市セントレア３－１２－２,シーガル・セントレア・ターミナル,,0568-38-8120,
T1210,SAL03,5,1,商船三井,シーガル・セントレア・ターミナル,気付：商船三井ロジスティクス（株）,中部国際空港営業所,479,881,愛知県常滑市セントレア3-12-2,,,0569-38-8120,0569-38-1740
T1210,TAD04,5,1,商船三井,商船三井ロジスティックス㈱,中部国際空港営業所 長谷川様,,479,881,愛知県常滑市セントレア３－１２－２,シーガル・セントレア・ターミナル,,0569-38-8120,0569-38-1704
T1210,THK01,5,1,商船三井,商船三井ロジスティックス㈱,中部国際空港営業所 長谷川様,,479,881,愛知県常滑市セントレア３－１２－２,シーガル・セントレア・ターミナル,,0569-38-8120,0569-38-1704
T1210,UKK01,5,1,商船三井,商船三井ロジスティクス㈱,中部国際空港営業所　市来様,,,,愛知県常滑市セントレア３－１２－２,シーガル・セントレア・ターミナル,,0568-38-8120,
T1210,VES13,5,1,商船三井,商船三井ロジスティクス株式会社,中部国際空港営業所,,479,881,愛知県常滑市セントレア３－１２－２,シーガル・セントレア・ターミナル,,0569-38-8120,
T0070,H068,5,1,三和真空,株式会社　三和真空工業所,,,485,59,愛知県小牧市小木東２－１７６,,,0568-73-0970,0568-76-7925
T0070,H114,5,1,広陽,広陽商工株式会社,,,486,955,愛知県春日井市二子町2-1-7,,,0568-33-3861,0568-33-2548
T0070,H150,5,1,三幸電化,株式会社　三幸電化工業所,春日井第一工場,,486,906,愛知県春日井市下屋敷町知光院４４－１０,,,0568-34-3694,
T0070,H161,5,2,ダイテック,株式会社　ダイテック,,,448,6,愛知県刈谷市西境町前山９番地１,,,0556-26-1230,
T3310,H072,5,2,ダイテック,株式会社　ダイテック,,,448,6,愛知県刈谷市西境町前山9-1,,,0566-26-1230,0566-26-1231
T1210,FKK01,5,1,安達包運倉庫（株）,安達包運倉庫（株）,名港西二区1号倉庫内,,490,1444,愛知県海部郡飛島村木場一丁目94番地3号,,,0567-55-2633,0567-55-2634
T1210,TKTT4,5,1,安達包運倉庫㈱名港,安達包運倉庫株式会社,名港西二区１号倉庫内,,490,1444,愛知県海部郡飛島村木場一丁目94番地3号,,,0567-55-2633,0567-55-2634
T1210,GZK05,5,1,安達包運倉庫(株)名港,安達包運倉庫株式会社,名港西二区１号倉庫内,,490,1444,愛知県海部郡飛島村木場一丁目94番3号,,,0567-55-2633,0567-55-2634
T1210,INK06,5,1,安達包運　名港西２,安達包運倉庫(株),名港西二区1号倉庫内,,490,1444,愛知県海部郡飛島村木場一丁目94番3号,,,0567-55-2633,0567-55-2634
T1210,INN04,5,1,安達包運　名港西２,安達包運倉庫株式会社,名港西二区1号倉庫内,,490,1444,愛知県海部郡飛島村木場一丁目94番3号,,,0567-55-2633,0567-55-2634
T1210,SAL01,5,1,安達包運倉庫　名港,安達包運倉庫(株),名港西二区１号倉庫内,,490,1444,愛知県海部郡飛島村木場一丁目94番3号,,,0567-55-2633,0567-55-2634
T1210,SIP02,5,1,安達包運倉庫(株)名港,安達包運倉庫(株),名港西二区内１号倉庫内,,490,1444,愛知県海部郡飛島村木場一丁目94番3号,,,0567-55-2633,0567-55-2634
T1210,THB01,5,1,名港海運(株)西２区,名港海運(株),西２区名港物流センター,,490,1444,愛知県海部郡飛島村木場一丁目94-3,,,05675-5-1522,
T1210,THV02,5,1,名港海運(株),名港海運(株)西2区名港物流センター,,,490,1444,愛知県海部郡飛島村木場一丁目94-3,,,05675-5-1522,
T1210,INA03,5,1,安達包運（株）名港,安達包運倉(株),名港西二区１号倉庫内,,490,1444,愛知県海部郡飛島村木場1丁目94番3号,,,0567-55-2633,0567-55-2634
T1210,PHH02,5,1,名港海運(株)西二区,名港海運(株)西二区物流センター,,,490,1444,愛知県海部郡飛島村木場1丁目94番3号,,,0567-55-1522,0567-55-1524
T1210,SHK06,5,1,名港海運(株)西二区,名港海運(株)西二区物流センター,,,490,1444,愛知県海部郡飛島村木場1丁目94番3号,,,0567-55-1522,0567-55-1524
T3510,PKO04,5,1,名港海運(株)西二区,名港海運(株)西二区物流センター,,,490,1444,愛知県海部郡飛島村木場1丁目94番3号,,,0567-55-1522,0567-55-1524
T1210,INF01,5,1,名港海運(株)西２区,名港海運(株)西２区名港物流センター,,,490,1444,愛知県海部郡飛島村木場1丁目-94-3,,,05675-5-1522,05675-5-1524
T1210,INK05,5,1,名港海運㈱西２区,名港海運㈱西２区名港物流センター,,,490,1444,愛知県海部郡飛島村木場1丁目-94-3,,,05675-5-1522,05675-5-1524
T1210,THS01,5,1,名港海運㈱西2区,名港海運㈱　西２区名港物流ｾﾝﾀｰ,,,490,1444,愛知県海部郡飛島村木場1丁目-94-3,,,05675-5-1522,05675-5-1524
T1210,GZK01,5,1,名港海運㈱,西２区名港物流センター,,,490,1444,愛知県海部郡飛島村木場１丁目94-3,,,05675-5-1522,05675-5-1524
T1210,THC01,5,1,名港海運(株),名港海運(株)西2区名港物流ｾﾝﾀｰ,,,490,1444,愛知県海部郡飛島村木場1丁目94-3,,,05675-5-1522,
T1210,TKTT1,5,1,名港海運,名港海運株式会社,西二区名港物流センター,,490,1444,愛知県海部郡飛島村木場１丁目９４－３,,,0567-55-1522,0567-55-1524
T1210,BRK01,5,1,安達包運　名港西２,安達包運倉庫株式会社,名港西二区１号倉庫内,,490,1444,愛知県海部郡飛島村木場１－９４－３,,,0567-55-2633,0567-55-2634
T1210,FUD01,5,1,名港海運,名港海運㈱　西２区名港物流センター,,,490,1444,愛知県海部郡飛島村木場１－９４－３,,,05675-5-1522,
T1210,IDK02,5,1,名港海運㈱西2区,名港海運㈱西2区物流センター,,,490,1444,愛知県海部郡飛島村木場1-94-3,,,05675-5-1522,
T1210,IDK07,5,1,安達包運　名港西２,安達包運倉庫株式会社,名港西二区１号倉庫内,,490,1444,愛知県海部郡飛島村木場１－９４－３,,,0567-55-2633,
T1210,INM05,5,1,安達包運　名港西２,安達包運倉庫株式会社,名港西二区１号倉庫内,,490,1444,愛知県海部郡飛島村木場１－９４－３,,,0567-55-2633,0567-55-2634
T1210,INS13,5,1,安達包運　名港西２,安達包運倉庫株式会社,名港西二区１号倉庫内,,490,1444,愛知県海部郡飛島村木場１－９４－３,,,0567-55-2633,0567-55-2634
T1210,KOK01,5,1,名港海運㈱西２区,名港海運㈱　西２区名港物流センター,,,490,1444,愛知県海部郡飛島村木場１－９４－３,,,05675-5-1522,05675-5-1524
T1210,PHH01,5,1,安達包運　名港西２,安達包運倉庫株式会社,名港西二区１号倉庫内,,490,1444,愛知県海部郡飛島村木場１－９４－３,,,0567-55-2633,
T1210,SAH02,5,1,名港海運㈱西２区,名港海運㈱　西２区名港物流センター,,,490,1444,愛知県海部郡飛島村木場１－９４－３,,,05675-5-1522,
T1210,SHK07,5,1,安達包運倉庫,安達包運倉庫株式会社,,,490,1444,愛知県海部郡飛島村木場1-94-3,名港西2区1号倉庫内,,0567-55-2633,0567-55-2634
T1210,SIP03,5,1,名港海運㈱西二区,名港海運(株)西二区名港物流センター,,,490,1444,愛知県海部郡飛島村木場１－９４－３,,,0567-55-1522,0567-55-1524
T1210,TAD05,5,1,名港海運㈱西2区,名港海運㈱西2区名港物流センター,,,490,1444,愛知県海部郡飛島村木場1-94-3,,,05675-5-1522,
T1210,TAD09,5,1,安達包運　名港西２,安達包運倉庫株式会社,名港西二区１号倉庫内,,490,1444,愛知県海部郡飛島村木場１－９４－３,,,0567-55-2633,0567-55-2634
T1210,UKK02,5,1,名港海運㈱西2区,名港海運㈱　西２区名港物流センター,,,490,1444,愛知県海部郡飛島村木場１－９４－３,,,05675-5-1522,05675-5-1524
T1210,VES12,5,1,安達包運　名港西２,安達包運倉庫株式会社,名港西二区１号倉庫内,,490,1444,愛知県海部郡飛島村木場１－９４－３,,,0567-55-2633,0567-55-2634
T1210,THK06,5,1,名港海運西2区,名港海運㈱　西２区名港物流ｾﾝﾀｰ,,,490,1444,愛知県海部郡飛島村木場,一丁目94-3,,05675-5-1522,05675-5-1524
T1210,UKK04,5,1,安達包運倉庫　名港,安達包運倉庫(株),名港西二区１号倉庫内,,490,1444,愛知県海部郡飛島村木場,一丁目94番3号,,0567-55-2633,0567-55-2634
T3510,PKO02,5,1,豊通物流,豊通物流株式会社,名古屋港営業所,,490,1446,愛知県海部郡飛島村東浜1-5-7,,,0567-55-1866,0567-55-1859
T3160,,4,1,東海電装,東海電装株式会社　(316),,,490,1144,愛知県海部郡大治町,大字西條字南屋敷６４,,052-445-1251,052-445-1250
T0070,H148,5,1,セノオ,株式会社　セノオ,,,497,34,愛知県海部郡蟹江町本町１－４１－１,,,0567-95-3412,0567-95-5916
T0070,H147,5,1,ＭＫコーポ,株式会社　ＭＫコーポレーション,,,497,33,愛知県海部郡蟹江町大字蟹江本町,字テノ割２６－１,,0567-95-0191,
T1037,,4,1,スタンレー岡崎,スタンレー電気株式会社　岡崎製作所,,,444,3698,愛知県岡崎市牧平町字岩田３－３３,,,0564-82-2111,0564-82-3522
T3540,,4,1,京葉真空テクノ,株式会社　京葉真空テクノ,,,444,3605,愛知県岡崎市中金町字大洞18-9,,,0564-85-8611,0564-85-8612
T1037,H038,5,1,ｻｶｯｸ㈱本社工場,サカック㈱　本社工場,,,444,3449,愛知県岡崎市中伊西町早稲田8番地,,,0564-85-2171,0564-85-2181
T1037,H022,5,1,サカック,サカック(株）本社工場,,,,,愛知県岡崎市中伊西町早稲田8,,,,
T1039,H186,5,1,サカック,サカック株式会社,,,444,3449,愛知県岡崎市中伊西町字早稲田８,,,0564-85-2171,0564-85-2180
T1037,H023,5,1,河合工業,有限会社　河合工業,,,444,3601,愛知県岡崎市石原町字栗木野５２－３,,,0564-83-2771,
T3510,H139,5,1,豊田合成,豊田合成株式会社,,,492,8540,愛知県稲沢市北島町西の町３０番地,,,0587-34-3344,0587-34-3319
T0070,H075,5,1,伊藤真空　尾西,伊藤真空株式会社　尾西工場,,,494,6,愛知県一宮市起字用水東７,,,0586-63-2067,
T1031,H184,5,1,三浦工業,有限会社　三浦工業所,,,446,4,愛知県安城市尾崎町北屋敷５８－１,,,0566-97-0722,0566-97-0930
T1037,H026,5,1,三浦工業,有限会社　三浦工業所,,,446,4,愛知県安城市尾崎町北屋敷５８－１,,,0566-97-0722,0566-97-0930
T1037,H025,5,1,東洋理工,東洋理工株式会社,,,444,1164,愛知県安城市藤井町南山１７８,,,0566-99-0851,
T2100,,4,1,東洋理工,東洋理工株式会社,,,444,1164,愛知県安城市藤井町南山１７８,,,0566-99-0852,0566-99-1546
T2100,H167,5,1,佐藤技研,佐藤技研株式会社,,,444,1211,愛知県安城市根崎町西新切４７－１,,,0566-99-6554,
T3200,,4,1,三和,株式会社　三和スクリーン銘板,,,496,8002,愛知県愛西市佐折町宮寺５５,,,0567-25-2333,0567-25-2220
T0070,H192,5,2,向陽技研,株式会社　向陽技研,,,470,214,愛知県みよし市明知町八和田山３－３２,,,0561-34-4639,
T0070,H011,5,2,中部真空,株式会社中部真空,,,470,226,愛知県みよし市西一色町前原８６０番地１,,,0561-34-3230,0561-34-3246
T0070,H138,5,2,イトウスパッタリング,イトウスパッタリング株式会社,,,490,1202,愛知県あま市富塚向１４,,,052-462-8397,
T0010,,4,1,TKTT,"Toyo Kogyo Toryo(Thailand)Co.,Ltd",,,,,"91/1Chaiyo Building 12F,Room1203","Rama 9Rd,Huai Khwang,Huai Khwang",Bangkok,,
T0000,,4,1,サンプル依頼先(本社),新規サンプル依頼先（本社）,,,,,,,,,
T1210,SAH05,5,1,安達包運　名港西２,安達包運倉庫株式会社,名港西二区１号倉庫内,,490,1444,愛知県海部郡飛島村木場１－９４－３,,,0567-55-2633,
